<?xml version="1.0" encoding="UTF-8" standalone="yes"?>
<root>
	<file>
		<category>
		<![CDATA[
24. 개인정보취급방침		]]>
		</category>
		<name>
		<![CDATA[
008_개인정보취급방침.pdf		]]>
		</name>
		<cn>
		<![CDATA[




제1조(개인정보의 처리목적) 
회사는 다음의 목적을 위하여 개인정보를 처리합니다. 처리하고 있는 개인정보는 다음의 목적 이외의 용도로는 이용되지 않으며, 
이용 목적이 변경되는 경우에는 개인정보 보호법 제18조에 따라 별도의 동의를 받는 등 필요한 조치를 이행할 예정입니다.
 1. 여객 승선권 또는 서비스 제공
 승선권 예매, 예약, 발권, 물품배송, 서비스 제공, 계약서, 청구서 발송, 콘텐츠 제공, 맞춤서비
스 제공, 본인인증, 연령인증, 요금결제 정산, 채권추심 등을 목적으로 개인정보를 처리합니다.
 2. 고충처리
 민원인의 신원 확인, 민원사항 확인, 사실조사를 위한 연락 통지, 처리결과 통보 등의 목적
으로 개인정보를 처리합니다.

제2조(개인정보의 처리 및 보유기간) 
 ① 회사는 법령에 따른 개인정보 보유 이용기간 또는 정보주
체로부터 개인정보를 수집시에 동의받은 개인정보 보유, 이용기간 내에서 개인정보를 처리, 보유합
니다.
 ② 각각의 개인정보 처리 및 보유 기간은 다음과 같습니다.
  1. 재화 또는 서비스 제공 : 재화 서비스 공급완료 및 요금결제 정산 완료시까지
 다만, 다음의 사유에 해당하는 경우에는 해당 기간 종료시까지
 1) (전자상거래 등에서의 소비자 보호에 관한 법률)에 따른 표시 광고, 계약내용 및 이행
등 거래에 관한 기록
 - 표시 광고에 관한 기록 : 6월
 - 계약 또는 청약철회, 대금결제, 재화 등의 공급기록 : 5년
 - 소비자 불만 또는 분쟁처리에 관한 기록 : 3년
 2) 해운법 제 21조의 2에 따른 승선권 발급내역 및 여객명부의 보관: 3개월

제3조(개인정보의 제3자 제공) 
① 회사는 정보주체의 개인정보를 제1조(개인정보의 처리 목적)에서 명시한 범위 내에서만 처리하며, 정보주체의 동의, 법률의 특별한 규정 등 개인정보 보호법 제17조에 해당하는 경우에만 개인정보를 제3자에게 제공합니다.

제4조(개인정보처리의 위탁) 
① 회사는 원활한 개인정보 업무처리를 위하여 다음과 같이 개인정보 처리업무를 위탁하고 있습니다.
 1. 홈페이지 운영관련
 - 위탁받는 자 (수탁자) : 000
 - 위탁하는 업무의 내용 : 홈페이지 개발 및 유지보수
 2. 승선권 예약, 예매, 결제, 환불, 발권 관련
 - 위탁받는 자 (수탁자) : 000
 - 위탁하는 업무의 내용 : 여객 및 차량의 승선권 예약, 예매, 발권, 취소, 신용카드, 가상계좌
결제 및 환불
 ② 회사는 위탁계약 체결시 개인정보 보호법 제25조에 따라 위탁업무 수행목적 외 개인정보 처
리금지, 기술적, 관리적 보호조치, 재위탁 제한, 수탁자에 대한 관리, 감독, 손해배상 등 책임에 관
한 사항을 계약서 등 문서에 명시하고, 수탁자가 개인정보를 안전하게 처리하는지를 감독하고 있
습니다.
 ③ 위탁업무의 내용이나 수탁자가 변경될 경우에는 지체없이 본 개인정보 처리방침을 통하여
공개하도록 하겠습니다.

제5조(정보주체의 권리 의무 및 행사방법) 
① 정보주체는 회사에 대해 언제든지 다음 각 호의 개인정보 보호 관련 권리를 행사할 수 있습니다.
 1. 개인정보 열람요구
 2. 오류 등이 있을 경우 정정 요구
 3. 삭제요구
 4. 처리정지 요구
 ② 제1항에 따른 권리 행사는 회사에 대해 서면, 전화, 전자우편, 모사전송(FAX) 등을 통하여
하실 수 있으며 회사는 이에 대해 지체없이 조치하겠습니다.
 ③ 정보주체가 개인정보의 오류 등에 대한 정정 또는 삭제를 요구한 경우에는 회사는 정정 또
는 삭제를 완료할 때까지 당해 개인정보를 이용하거나 제공하지 않습니다.
 ④ 제1항에 따른 권리 행사는 정보주체의 법정대리인이나 위임을 받은 자 등 대리인을 통하여
하실 수 있습니다. 이 경우 개인정보 보호법 시행규칙 별지 제11호 서식에 따른 위임장을 제출하
셔야 합니다.
 ⑤ 정보주체는 개인정보 보호법 등 관계법령을 위반하여 회사가 처리하고 있는 정보주체 본인
이나 타인의 개인정보 및 사생활을 침해하여서는 아니됩니다.

제6조
개인정보의 파기절차 및 방법에 관한 사항
회사는 개인정보 수집 및 이용 목적이 달성된 후에는 보유 및 이용기간에 따라 해당 개인정보를 지체 없이 파기합니다. 
1) 종이에 출력된 개인정보 : 파쇄기를 이용하여 파쇄
2) 전자적 형태의 파일로 저장된 개인정보 : 복원할 수 없도록 기술적 방법을 사용한 영구 삭제
3) HDD, USB메모리 등 저장매체 : 물리적으로 완전히 파쇄

제7조 (이용자 및 법정대리인의 권리와 그 행사방법)
① 이용자 및 법정 대리인은 언제든지 등록되어 있는 자신 혹은 당해 만 14 세 미만 아동의
개인정보를 조회하거나 수정할 수 있으며 가입 해지를 요청할 수도 있습니다.
② 회원변경, 탈퇴는 홈페이지 메뉴에서 변경, 탈퇴가 가능합니다.

제8조 (개인정보보호를 위한 기술적 대책)
회사는 이용자의 개인정보를 취급함에 있어 정보의 분실, 도난, 누출, 외부로부터의 공격, 해킹
등을 방지하고 최상의 안전성을 확보하기 위하여 다음과 같은 기술적 대책을 강구하고 있습니다.
① 이용자의 개인정보는 비밀번호에 의해 보호되며, 파일 및 전송 데이터를 암호화하여
중요한 데이터는 별도의 보안기능을 통해 보호되고 있습니다.
② 회사는 컴퓨터 바이러스에 의한 피해가 발생하지 않도록 백신프로그램을 이용하고
있으며, 백신프로그램에 대한 주기적인 업데이트와 최신화를 기하고 있습니다.
③ 회사는 암호 알고리즘을 이용하여 네트워크 상의 개인정보를 안전하게 전송할 수 있는
보안장치를 채택하고 있습니다.
④ 이용자의 개인정보를 처리하는 담당인원을 최소한으로 제한하며, 관련 직원에
대해서는지속적인 보안교육의 실시와 함께 본 정책의 준수여부를 수시로 점검하고 있습니다.

제9조 (개인정보 자동 수집 장치의 설치, 운영 및 거부에 관한 사항)
회사는 이용자의 정보를 자동으로 저장하고 찾아내는 쿠키 등을 운용합니다. 쿠키란웹사이트를 운영하는데 이용되는 서버가 귀하의 브라우저에 보내는 아주 작은 텍스트 파일로서
귀하의 컴퓨터 하드디스크에 저장됩니다.
① 쿠키 등 사용 목적
로그인 식별, 고객님의 사용 언어, 기존 홈페이지 방문 회수 파악등을 통한 개인 맞춤 서비스
제공등을 위해 쿠키를 운용합니다. 이용자는 쿠키 설치에 대한 선택권을 가지고 있습니다. 
이용자는 웹브라우저에서 옵션을 설정함으로써 모든 쿠키를 허용하거나, 쿠키가 저장될 때마다
확인을 거치거나, 아니면 모든 쿠키의 저장을 거부할 수도 있습니다.
② 쿠키 설정 거부 방법
쿠키 설정을 거부하는 방법으로는 회원님이 사용하시는 웹 브라우저의 옵션을 선택함으로써
모든 쿠키를 허용하거나 쿠키를 저장할 때마다 확인을 거치거나, 모든 쿠키의 저장을 거부할 수
있습니다.
설정방법 예(인터넷 익스플로어의 경우)
웹 브라우저 상단의 도구  인터넷 옵션  개인정보취급 수준을 설정하시면 됩니다. 단, 이용자가
쿠키 설치를 거부하였을 경우 서비스 제공에 어려움이 있을 수 있습니다.

제10조 (만 14 세미만 아동의 개인정보)
① 회사는 만 14 세 미만 아동으로부터 개인정보를 수집하거나, 이미 수집된 정보를 제 3 자에게
제공하거나 동의 받은 범위를 초과하여 사용할 경우에는 법정대리인의 동의를 얻도록 하고
있습니다. 따라서, 만 14 세 미만의 아동은 본인의 정보를 법정대리인의 동의를 득한 경우에만
등록할 수 있습니다.
② 만 14 세 미만 아동의 법정대리인은 아동의 개인정보에 대하여 열람, 정정, 탈퇴, 동의철회를
요청할 수 있으며, 이러한 요청이 있을 경우 회사는 법정대리인 등 동일인 여부를 확인 후
지체없이 필요한 조치를 취하겠습니다.

제11조 (이용자의 권리와 의무)
① 이용자의 개인정보는 정확하게 입력하여 주시고, 변경된 경우에는 이를 수시로 수정하여 항시
최신의 상태로 유지하여 불의의 손해가 발생하지 않도록 하여 주시기 바랍니다. 부정확한 정보의
입력으로 인하여 발생하는 사고, 손해 등 상황에 대하여는 이용자에게 책임이 있습니다.
② 이용자는 개인정보를 보호받을 권리와 함께 타인의 개인정보를 침해해선 안 될 의무도 동시에
있습니다. 비밀번호를 포함한 이용자의 개인정보가 유출되지 않도록 주의하여 주시고, 이용자
본인의 과실로 인하여 유출된 개인정보에 대하여는 본인에게 책임이 있으며, 이용자가 타인정보의
도용하거나 부정입력의 경우에는 회원의 자격이 상실 외에 관계법령에 의하여 처벌될 수도
있습니다.

제12조 (의견 및 불만처리)
회사는 개인정보보호와 관련하여 이용자에게 자유롭게 의견을 개진하고 불만을 토로할 수 있는
창구를 개설하여 운영하고 있습니다. 아래 연락처로 의견이나 불만을 제기하시면 접수 즉시
조치하고, 그 처리결과를 통보하여 드리겠습니다.
홈페이지 : 000
고객센터 : 000

제13조 (홈페이지 개인정보 관리책임자)
회사는 이용자의 개인정보에 대한 의견수렴 및 불만처리를 담당하는 개인정보관리책임자를
지정하여 개인정보보호를 위해 최선을 다하겠습니다. 현재
회사의 홈페이지 개인정보 관리책임자는 아래와 같습니다.
000, 000, 0000000

제14조 (개인정보취급방침의 적용 제외)
회사는 이용자에게 홈페이지를 통하여 다른 회사의 웹사이트 또는 자료에 대한 링크를 제공할 수
있습니다. 이 경우 회사는 외부사이트 및 자료에 대하여 통제권이 없을 뿐만 아니라 이들이
개인정보를 수집하는 행위에 대하여 회사의 개인정보취급방침이 적용되지 않습니다. 따라서, 
회사가 포함하고 있는 링크를 클릭하여 타 사이트의 페이지로 이동할 경우에는 새로 방문한
사이트의 개인정보취급방침을 반드시 확인하시기 바랍니다.

제15조 (개인정보취급방침의 변경)
본 개인정보취급방침의 변경이 있는 경우 변경 7 일전까지 홈페이지 공지사항를 통해
고지하겠습니다








		]]>
		</cn>
	</file>
</root>