<?xml version="1.0" encoding="UTF-8" standalone="yes"?>
<root>
	<file>
		<category>
		<![CDATA[
19. 증권사1		]]>
		</category>
		<name>
		<![CDATA[
011_증권사1.pdf		]]>
		</name>
		<cn>
		<![CDATA[




제1장 총칙 

제1조 (목적) 
이 약관은 000(이하  회사 라 한다)가 운영하는 비상장주식 중개 이용약정을  
체결한 자(이하  거래자 라 한다)와 회사 간의 비상장주식 중개와 관련한 권리 및 의무사항을 
정한다. 

제2조 (용어의 정의) 
① 이 약관에서 사용하는  비상장주식 중개 라 함은 회사가 비상장주식(000에 상장되지 
아니한 주식) 매수자와 매도자의 개별상대매매를 중개하는 업무를 말한다. 
② 이 약관에서  거래자 라 함은 비상장주식을 매수하거나 매도하는 자를 말한다. 
③ 이 약관에서  매수자 라 함은 일정한 대가를 지불하고 비상장주식을 매도자로부터 매수하는 
거래자를 말하고,  매도자 라 함은 일정한 대가를 수취하고 비상장주식을 매수자에게 매도하는 
거래자를 말한다. 
④ 이 약관에서  종합위탁계좌 라 함은 거래자가 비상장주식 거래를 위하여 회사에 개설한 
계좌를 말한다. 
 
제3조 (비상장주식 중개 대상 주식) 
① 비상장주식 중개의 대상 주식은 000에 예탁된 통일주권 중 000에  
상장되지 않은 주식 및 프리보드 시장에 지정되지 않은 주식으로 회사에 개설된 거래자의 
종합위탁계좌에 입고된 주식을 대상으로 한다. 
② 회사는 중개 가능한 대상 주식을 홈페이지 또는 HTS에 게시하여 거래자가 확인할 수  
있도록 한다. 

제4조 (비상장주식 거래의 중지) 
① 감독당국의 행정조치 등에 의하여 비상장주식 중개의 전부 또는 일부가 정지되는 경우 
회사는 그 사실을 거래자에게 지체 없이 통지하여야 한다. 
② 제1항에 의하여 비상장주식 중개가 정지된 후 정지사유가 해소된 때에는 회사는 
거래자에게 지체 없이 통보 후 비상장주식 중개를 재개할 수 있다. 

제2장 비상장주식 중개 신청 등 

제5조 (비상장주식 중개 이용 약정) 
비상장주식 중개를 이용하고자 하는 자는 회사에 개설된 종합위탁계좌를 보유하고 있어야  
하며, 회사의 영업점, 전화, 문서 또는 HTS에서 본 약관에 동의한 후 비상장주식 중개  
이용신청을 하여야 한다. 
 
제6조 (매도신청) 
① 매도자가 비상장주식을 매도하고자 하는 경우 회사의 영업시간 중 문서, 전화, HTS 또는 
영업점 내점에 의한 방법에 의하여 매도신청을 할 수 있으며, 매도자는 매도신청 시 대상 종목, 
가격, 수량, 연락처 등을 명시하여 신청하여야 한다. 회사는 매수자와 매도자의 거래의사가 
확정된 경우 매도자의 보유 잔고 여부를 확인하여야 한다. 또한, 해당 종목 및 수량에 대하여 
매도자에 의한 임의 출고를 제한할 수 있다. 
② 회사는 매도신청을 접수받은 즉시 매도신청 종목, 가격, 수량, 일시 등을 HTS에 게시한다. 
③ 제1항에 의한 매도신청은 매도자가 자기 보유 주식을 매도하는 경우에 한한다. 다만, 
사고증권으로 확인된 경우에는 해당 보유 종목을 매도할 수 없다. 
 
제7조 (매수 신청) 
① 매수자가 비상장주식을 매수하고자 하는 경우 회사의 영업시간 중 문서, 전화, HTS 등의 
방법에 의하여 매수신청을 할 수 있으며, 매수자는 매수신청 시 대상 종목, 가격, 수량, 연락처 
등을 명시하여 신청하여야 한다. 또한 회사는 매도자와 매수자 간의 
거래의사가 확정된 즉시 매수자의 종합위탁계좌의 예수금 중 확정된 해당 종목의  
매수금액만큼 출금을 제한할 수 있다. 
② 회사는 매수신청을 접수받은 즉시 매수신청 종목, 가격, 수량, 일시 등을 HTS에 게시한다. 

제8조 (비상장주식 중개 신청 유효기간) 
비상장주식 중개 신청 유효기간은 신청일로부터 기산하여 30일 동안 유효하며, 그 이후에는   
자동 취소된다. 
 
제9조 (신청수량단위 및 최소 신청수량) 
① 비상장주식 중개의 신청수량단위 및 최소신청수량은 1주 단위로 한다. 
② 제1항의 규정에도 불구하고 회사는 종목별 가격수준 등을 감안하여 신청수량단위 및 
최소신청수량을 조정할 수 있다. 이 경우 회사는 거래자에게 지체 없이 통보하여야 한다. 

제10조 (비상장주식 중개 신청의 취소) 
비상장주식 거래자는 비상장주식 중개 신청 후 비상장주식 거래가 체결되기 전까지는  
매도신청 또는 매수신청을 철회하거나 가격 및 수량 등을 변경할 수 있으며, 체결이 완료된  
후에는 철회가 불가하다. 
 
제3장 비상장주식 거래의 체결 

제11조 (비상장주식 거래 체결방법) 
① 비상장주식 거래의 체결은 매도자와 매수자와 각각 접촉하여 협상한 후 협상된 가격,  
수량으로 체결한다. 이때, 거래는 매수자와 매도자 1 : 1의 방식으로 진행한다. 
② 비상장주식 거래자는 체결 전 협상된 종목의 가격, 수량 등을 확인하고, 거래자 상호 간의 
정보제공에 관한 동의를 하여야 한다. 
③ 거래자는 제2항의 정보제공의 동의 후 본인의 인적 사항 정보를 거래 각 상대방에게 HTS    
또는 기타의 방법으로 제공한다. 
④ 비상장주식 거래 체결은 거래자의 종합위탁계좌를 통해 이루어지며, 매수거래자 계좌에서 
매수금액이 출금되어 매도거래자 계좌에 입금되는 동시에 매도거래자 계좌에서는 매도 주식이 
출고되어 매수거래자 계좌에 입고된다. 

제12조 (비상장주식 거래 체결내역 통지) 
① 회사는 제11조에 의하여 비상장주식 거래가 체결된 때에는 거래자에게 비상장주식 
거래 체결내역을 지체 없이 통지한다. 
② 통지를 받은 매도자 및 매수자는 통지 내용에 이의가 있는 경우 즉시 회사에 이의를 
제기하여야 한다. 
③ 제1항에 따라 회사가 비상장주식 거래 체결내역을 거래당사자에게 통지한 이후 비상장주식 
거래자의 이의 제기가 없는 경우 매도자 및 매수자가 당해 비상장주식 거래 내역을 확인하고 
승인한 것으로 본다. 
 
제13조 (매도 제한) 
비상장주식의 매도 시 자본시장법상  매출 에 해당될 경우에는 회사는 매도에 대한  
중개서비스를 제공하지 아니할 수 있다. 이 경우 회사는 거래자에게 지체 없이 통보하여야 한다. 
 
제14조 (비상장주식 중개 신청의 제한) 
회사는 비상장주식 거래자가 신청한 가격이 통상적인 가격 범위를 벗어날 경우 거래자에게 
가격의 착오 여부를 확인한다. 
 
제4장 보칙 

제15조 (수수료) 
회사는 비상장주식 중개에 관하여 매도거래자와 매수거래자 사이에 거래가 체결된 경우  
사전에 고지한 중개 수수료를 거래자에게 받는다. 
 
제16조 (수수료 등의 변경) 
회사는 영업점, 인터넷 홈페이지, HTS 등에 중개수수료율을 게시하며, 필요한 경우 중개 
수수료율을 변경할 수 있으며, 중개수수료율 변경 시 제17조를 준용한다. 
 
제17조 (약관 등의 변경) 
① 회사는 계약의 중요내용 또는 약관 등을 변경하고자 하는 경우 그 변경내용을 변경되는  
약관의 시행일 1개월 전에 고객이 확인할 수 있도록 회사의 영업점에 마련해 두거나 인터넷 
홈페이지, 온라인 거래를 위한 컴퓨터 화면, 그 밖에 이와 유사한 전자 통신 매체를 통하여 
게시한다. 다만, 자본시장법 등 관계 법령 또는 거래소 업무규정의 제정, 개정에 따른 제도변경  
등으로 약관이 변경되는 경우로서 본문에 따라 안내하기가 어려운 급박하고 부득이한 사정이 
있는 경우에는 변경내용을 앞의 문장과 같은 방법으로 개정 약관의 시행일 전에 게시한다. 
② 제1항의 변경내용이 거래자에게 불리한 경우 회사는 이를 서면 등 거래자와 사전에 합의한 
방법으로 변경 전 1개월 전까지 통지하여야 한다. 다만, 기존 거래자에게 변경 전 기준 등이 
그대로 적용되는 경우 또는 거래자가 변경내용에 대한 통지를 받지 아니하겠다는 의사를 
명시적으로 표시한 경우에는 그러하지 아니한다. 
③ 회사는 제2항의 통지를 할 경우  고객이 변경에 동의하지 아니하는 경우에는 통지를 받은 
날로부터 1개월 이내에 계약을 해지할 수 있으며, 계약해지의 의사표시를 하지 아니한 
경우에는 변경에 동의한 것으로 본다. 라는 취지의 내용을 통지하여야 한다. 또한, 거래자가 
제2항의 통지를 받은 날로부터 시행일 전의 영업일까지 계약해지의 의사표시를 하지 아니하는 
경우에는 변경에 동의한 것으로 본다. 
④ 회사는 약관을 영업점에 비치 또는 게시하여 거래자가 요구할 경우 이를 교부하여야 하며, 
인터넷 홈페이지, 온라인 주식거래를 위한 컴퓨터 화면 그 밖의 이와 유사한 전자통신매체에 
게시하여 거래자가 약관을 조회하고 다운로드(화면출력 포함)받을 수 있도록 하여야 한다. 
 
제18조 (면책) 
회사는 천재지변, 전시, 사변 그 밖의 이에 준하는 사유로 인하여 비상장주식 거래자에게  
손해가 발생한 경우 책임을 지지 아니한다. 
 
제19조 (주소변경 등의 신고) 
비상장주식 거래자는 주소, 사무소 그 밖의 연락처가 변경된 때에는 지체 없이 회사에 
신고하여야 한다. 통지의 불이행으로 발생하는 불이익에 대해서는 회사는 회사의 책임 있는 
사유가 없는 한 책임을 지지 아니한다. 다만 이때에도 회사는 선량한 관리자로서의 주의의무를 
다하여야 한다. 
 
제20조 (분쟁조정 및 관할법원) 
① 비상장주식 거래자는 회사와 분쟁이 발생하는 경우 회사의 민원처리기구에 그 해결을 
요구하거나 분쟁조정기관(000, 000 등)에 분쟁조정을 신청할 수 있다. 
② 이 약관에 의한 거래와 관련하여 발생된 분쟁에 대하여 회사와 거래자 사이에 소송의  
필요가 생긴 경우에는 그 관할법원은 민사소송법이 정한 바에 따른다. 
 
제21조 (기타) 
① 이 약관에서 정하지 아니한 사항은 관계 법규 및 규정에서 정하는 바에 따르며, 관계 법규     
및 규정에도 정함이 없는 경우에는 일반적인 상관례에 따른다. 
② 이 약관에 의한 비상장주식 중개 중 전자금융거래에 관하여는  전자금융거래 이용에 관련   
기본 약관  및 전자금융거래법령이 우선 적용된다. 

제22조 (고객정보의 보고 및 보호) 
① 회사는 고객의 유렉스연계선물 거래규모 등이 금융 위원회가 정하는 보고기준에 해당되는 경우에
는 관련법규에서 정한 바에 따라 고객의 신상 및 유렉스연계선물거래내역 등에 관한 정보를 금융감독원장에게
 보고할 수 있다.

제23조(을의 보증사항) (판매기관이 증권회사 이외인 경우 이를 달리 적용함)
② 을은 을이 발행한 수표 또는 어음이 부도처리되거나 회사정리 또는 화의의 신청 또는 
절차가 진행중에 있지 아니하며, 은행 또는 다른 금융기관과의 거래가 중지된 상태에 있지 않다.

ㅁ 해당 약관은 법령 및 내부통제기준에 따른 절차를 거쳐 제공됩니다. 
 



		]]>
		</cn>
	</file>
</root>