<?xml version="1.0" encoding="UTF-8" standalone="yes"?>
<root>
	<file>
		<category>
		<![CDATA[
24. 개인정보취급방침		]]>
		</category>
		<name>
		<![CDATA[
013_개인정보취급방침.pdf		]]>
		</name>
		<cn>
		<![CDATA[




제1조(개인정보의 처리목적) 
회사는 다음의 목적을 위하여 개인정보를 처리합니다. 처리하고 있는 개인정보는 다음의 목적 이외의 용도로는 이용되지 않으며, 
이용 목적이 변경되는 경우에는 개인정보 보호법 제18조에 따라 별도의 동의를 받는 등 필요한 조치를 이행할 예정입니다.
 1. 여객 승선권 또는 서비스 제공
 승선권 예매, 예약, 발권, 물품배송, 서비스 제공, 계약서, 청구서 발송, 콘텐츠 제공, 맞춤서비
스 제공, 본인인증, 연령인증, 요금결제 정산, 채권추심 등을 목적으로 개인정보를 처리합니다.
 2. 고충처리
 민원인의 신원 확인, 민원사항 확인, 사실조사를 위한 연락 통지, 처리결과 통보 등의 목적
으로 개인정보를 처리합니다.

제2조(개인정보의 처리 및 보유기간) 
 ① 회사는 법령에 따른 개인정보 보유 이용기간 또는 정보주
체로부터 개인정보를 수집시에 동의받은 개인정보 보유, 이용기간 내에서 개인정보를 처리, 보유합
니다.
 ② 각각의 개인정보 처리 및 보유 기간은 다음과 같습니다.
  1. 재화 또는 서비스 제공 : 재화 서비스 공급완료 및 요금결제 정산 완료시까지
 다만, 다음의 사유에 해당하는 경우에는 해당 기간 종료시까지
 1) (전자상거래 등에서의 소비자 보호에 관한 법률)에 따른 표시 광고, 계약내용 및 이행
등 거래에 관한 기록
 - 표시 광고에 관한 기록 : 6월
 - 계약 또는 청약철회, 대금결제, 재화 등의 공급기록 : 5년
 - 소비자 불만 또는 분쟁처리에 관한 기록 : 3년
 2) 해운법 제 21조의 2에 따른 승선권 발급내역 및 여객명부의 보관: 3개월

제3조(개인정보의 제3자 제공) 
① 회사는 정보주체의 개인정보를 제1조(개인정보의 처리 목적)에서 명시한 범위 내에서만 처리하며, 정보주체의 동의, 법률의 특별한 규정 등 개인정보 보호법 제17조에 해당하는 경우에만 개인정보를 제3자에게 제공합니다.

제4조(개인정보처리의 위탁) 
① 회사는 원활한 개인정보 업무처리를 위하여 다음과 같이 개인정보 처리업무를 위탁하고 있습니다.
 1. 홈페이지 운영관련
 - 위탁받는 자 (수탁자) : 000
 - 위탁하는 업무의 내용 : 홈페이지 개발 및 유지보수
 2. 승선권 예약, 예매, 결제, 환불, 발권 관련
 - 위탁받는 자 (수탁자) : 000
 - 위탁하는 업무의 내용 : 여객 및 차량의 승선권 예약, 예매, 발권, 취소, 신용카드, 가상계좌
결제 및 환불
 ② 회사는 위탁계약 체결시 개인정보 보호법 제25조에 따라 위탁업무 수행목적 외 개인정보 처
리금지, 기술적, 관리적 보호조치, 재위탁 제한, 수탁자에 대한 관리, 감독, 손해배상 등 책임에 관
한 사항을 계약서 등 문서에 명시하고, 수탁자가 개인정보를 안전하게 처리하는지를 감독하고 있
습니다.
 ③ 위탁업무의 내용이나 수탁자가 변경될 경우에는 지체없이 본 개인정보 처리방침을 통하여
공개하도록 하겠습니다.

제5조(정보주체의 권리 의무 및 행사방법) 
① 정보주체는 회사에 대해 언제든지 다음 각 호의 개인정보 보호 관련 권리를 행사할 수 있습니다.
 1. 개인정보 열람요구
 2. 오류 등이 있을 경우 정정 요구
 3. 삭제요구
 4. 처리정지 요구
 ② 제1항에 따른 권리 행사는 회사에 대해 서면, 전화, 전자우편, 모사전송(FAX) 등을 통하여
하실 수 있으며 회사는 이에 대해 지체없이 조치하겠습니다.
 ③ 정보주체가 개인정보의 오류 등에 대한 정정 또는 삭제를 요구한 경우에는 회사는 정정 또
는 삭제를 완료할 때까지 당해 개인정보를 이용하거나 제공하지 않습니다.
 ④ 제1항에 따른 권리 행사는 정보주체의 법정대리인이나 위임을 받은 자 등 대리인을 통하여
하실 수 있습니다. 이 경우 개인정보 보호법 시행규칙 별지 제11호 서식에 따른 위임장을 제출하
셔야 합니다.
 ⑤ 정보주체는 개인정보 보호법 등 관계법령을 위반하여 회사가 처리하고 있는 정보주체 본인
이나 타인의 개인정보 및 사생활을 침해하여서는 아니됩니다.

제6조(처리하는 개인정보 항목) 
회사는 다음의 개인정보 항목을 처리하고 있습니다.
 1. 승선권 예약, 예매
 필수항목 : 성명, 생년월일, 성별, 연락처, 주소(할인종류에 따라)
 선택항목 : 비상연락처 
 2.승선권 결제, 환불
 필수항목 : (신용카드결제) 신용카드 번호,(가상계좌결제) 전화번호,이메일 (가상계좌환불) 입금계좌번호 
 3. 인터넷 서비스 이용과정에서 아래 개인정보 항목이 자동으로 생성되어 수집될 수 있습니다. 
 IP주소, 쿠키, 서비스 이용기록, 접속 등

제7조(개인정보의 파기) 
① 회사는 개인정보 보유기간의 경과, 처리목적 달성 등 개인정보가 불필
요하게 되었을 때에는 지체없이 해당 개인정보를 파기합니다.
 ② 정보주체로부터 동의받은 개인정보 보유기간이 경과하거나 처리목적이 달성되었음에도 불
구하고 다른 법령에 따라 개인정보를 계속 보존하여야 하는 경우에는, 해당 개인정보를 별도의
데이터베이스(DB)로 옮기거나 보관장소를 달리하여 보존합니다.
 ③ 개인정보 파기의 절차 및 방법은 다음과 같습니다.
 1. 파기절차
 회사는 파기 사유가 발생한 개인정보를 선정하고, 회사의 개인정보 보호책임자의 승인을 받
아 개인정보를 파기합니다.
2. 파기방법
 회사는 전자적 파일 형태로 기록?저장된 개인정보는 기록을 재생할 수 없도록 로우레밸포멧
(Lw Level Frmat) 등의 방법을 이용하여 파기하며, 종이 문서에 기록?저장된 개인정보는 분쇄기
로 분쇄하거나 소각하여 파기합니다.

제8조 
개인정보의 안전성 확보조치에 관한 사항
회사는 고객 개인정보가 분실, 도난, 유출, 변조, 훼손되지 않도록 안전성 확보에 필요한 기술적, 관리적, 물리적 조치를 다음과 같이 실시 하고 있습니다.
1) 개인정보의 안전한 처리를 위한 내부 관리계획의 수립시행
2) 개인정보에 대한 접근 통제 및 접근 권한의 제한 조치
3) 개인정보를 안전하게 저장전송 할 수 있는 암호화 기술의 적용 또는 이에 상응하는 조치
4) 개인정보 침해사고에 대응하기 위한 접속기록의 보관 및 위변조 방지를 위한 조치
5) 개인정보에 대한 보안프로그램의 설치 및 주기적 갱신
6) 개인정보의 안전한 보관을 위한 시설 마련 또는 잠금 장치의 설치 등 물리적 보호조치

제9조(개인정보 자동 수집 장치의 설치운영 및 거부에 관한 사항) 
 ① 회사는 이용자에게 개별적인 맞춤서비스를 제공하기 위해 이용정보를 저장하고 수시로 불러오는 쿠키를 사용합니다.
 ② 쿠키는 웹사이트를 운영하는데 이용되는 서버(http)가 이용자의 컴퓨터 브라우저에게 보내
는 소량의 정보이며 이용자들의 PC 컴퓨터내의 하드디스크에 저장되기도 합니다.
 가. 쿠키의 사용목적: 이용자가 방문한 각 서비스와 웹 사이트들에 대한 방문 및 이용형태, 
인기 검색어, 보안접속 여부, 등을 파악하여 이용자에게 최적화된 정보 제공을 위해 사용됩니다.
 나. 쿠키의 설치, 운영 및 거부 : 웹브라우저 상단의 도구 인터넷 옵션 개인정보 메뉴의 옵
션 설정을 통해 쿠키 저장을 거부 할 수 있습니다.
 다. 쿠키 저장을 거부할 경우 맞춤형 서비스 이용에 어려움이 발생할 수 있습니다

제10조(개인정보 보호책임자) 
① 회사는 개인정보 처리에 관한 업무를 총괄해서 책임지고, 개인
정보 처리와 관련한 정보주체의 불만처리 및 피해구제 등을 위하여 아래와 같이 개인정보 보호책
임자를 지정하고 있습니다.
 개인정보 보호책임자
 성명 : 000
 직책 : 000
 연락처 : 000-0000-000
② 정보주체께서는 회사의 서비스(또는 사업)을 이용하시면서 발생한 모든 개인정보 보호 관련
문의, 불만처리, 피해구제 등에 관한 사항을 개인정보 보호책임자 및 담당부서로 문의하실 수 있습니다. 회사는 정보주체의 문의에 대해 지체없이 답변 및 처리해드릴 것입니다

제11조 (이용자의 권리와 의무)
① 이용자의 개인정보는 정확하게 입력하여 주시고, 변경된 경우에는 이를 수시로 수정하여 항시
최신의 상태로 유지하여 불의의 손해가 발생하지 않도록 하여 주시기 바랍니다. 부정확한 정보의
입력으로 인하여 발생하는 사고, 손해 등 상황에 대하여는 이용자에게 책임이 있습니다.
② 이용자는 개인정보를 보호받을 권리와 함께 타인의 개인정보를 침해해선 안 될 의무도 동시에
있습니다. 비밀번호를 포함한 이용자의 개인정보가 유출되지 않도록 주의하여 주시고, 이용자
본인의 과실로 인하여 유출된 개인정보에 대하여는 본인에게 책임이 있으며, 이용자가 타인정보의
도용하거나 부정입력의 경우에는 회원의 자격이 상실 외에 관계법령에 의하여 처벌될 수도
있습니다.

제12조 (의견 및 불만처리)
회사는 개인정보보호와 관련하여 이용자에게 자유롭게 의견을 개진하고 불만을 토로할 수 있는
창구를 개설하여 운영하고 있습니다. 아래 연락처로 의견이나 불만을 제기하시면 접수 즉시
조치하고, 그 처리결과를 통보하여 드리겠습니다.
홈페이지 : 000
고객센터 : 000

제13조 (홈페이지 개인정보 관리책임자)
회사는 이용자의 개인정보에 대한 의견수렴 및 불만처리를 담당하는 개인정보관리책임자를
지정하여 개인정보보호를 위해 최선을 다하겠습니다. 현재
회사의 홈페이지 개인정보 관리책임자는 아래와 같습니다.
000, 000, 0000000

제14조 (개인정보취급방침의 적용 제외)
회사는 이용자에게 홈페이지를 통하여 다른 회사의 웹사이트 또는 자료에 대한 링크를 제공할 수
있습니다. 이 경우 회사는 외부사이트 및 자료에 대하여 통제권이 없을 뿐만 아니라 이들이
개인정보를 수집하는 행위에 대하여 회사의 개인정보취급방침이 적용되지 않습니다. 따라서, 
회사가 포함하고 있는 링크를 클릭하여 타 사이트의 페이지로 이동할 경우에는 새로 방문한
사이트의 개인정보취급방침을 반드시 확인하시기 바랍니다.

제15조 (개인정보취급방침의 변경)
본 개인정보취급방침의 변경이 있는 경우 변경 7 일전까지 홈페이지 공지사항를 통해
고지하겠습니다








		]]>
		</cn>
	</file>
</root>