<?xml version="1.0" encoding="UTF-8" standalone="yes"?>
<root>
	<file>
		<category>
		<![CDATA[
21. 증권사3		]]>
		</category>
		<name>
		<![CDATA[
017_증권사3.pdf		]]>
		</name>
		<cn>
		<![CDATA[

 
주식,ETF 적립 자동매수주문 서비스 약관 


제1조 (약관의 목적) 

이 약관은 고객이 000(이하 회사  라 한다)가 제공하는 00000(이하 본 서비스 라 한다)를 

이용함에 있어 필요한 사항을 정함 을 목적으로 한다. 


 제2조 (용어의 정의) 

이 약관에서 사용하는 용어의 정의는 다음 각 호와 같다. 

1. 상장지수집합투자기구 라 함은 특정 지수의 수익률과 연동되도록 설계되어 설정 

된 집합투자기구로, 그 집합투자증권이 거래소에 상장되어 주식처럼 거래가 되는 것을 

말한다. (이하 상장지수집합투자기구 또는 그 집합투자증권을  ETF 라 한다) 

2. 자동매수주문 이라 함은 고객이 지정한  매수종목 에 대한 매수 주문을 매월 

 자동매수일 에 자동 실행하는 것을 말한다. 

3.  적립기간 이라 함은 고객이 본 서비스를 통해 매월 매수하기로 정한 기간을 말한 

다. 고객은 신청일부터 6개월 이상의 기간 중 선택할 수 있다. 

4.   자동매수일   이라 함은 고객이 본 서비스를 통해 매월 주식을 매수하기로 정한 

날을 말한다. 

5.  매수종목 이라 함은 제3조에 의한 매수대상 가능종목 중 고객이 정한 주식 또는 

ETF를 말하며, 한 계좌 내 신청 가능한 매수종목 의 개수는 5종목 이하로 제한한다. 

6. 적립금액 이라 함은 고객이 본 서비스를 통해 매월 주식 또는 ETF를 매수하기로 

정한 금액을 말한다. 본 서비스 신청 시  매수종목 별 최소  적립금액 은 1만원 

이상이어야 한다. 

7.  주문유형 이라 함은 고객이 본 서비스를 통해 매월 매수하기로 지정한 호가유형 

을 말한다. 고객은 시가결정에 참여하는 시장가호가, 종가결정에 참여하는 시장가호가 

중에서 주문유형을 선택할 수 있다. 다만, ETF는 종가결정에 참여하는 시장가호가 

 주문유형 만 선택 가능하다. 

8.  주문처리시간 이라 함은 고객이 본 서비스를 통해 매월 매수하기로 정한  주문 

유형 의 자동매수주문을 실행하는 시간을 말하며, 고객이 선택할 수 있는  주문유형  

및 주문처리시간 은 다음과 같다. 

 9.  적립금액 에 따른 주문수량은 다음과 같이 계산한다. 


제3조(매수대상 가능종목) 

본 서비스의 매수대상 가능종목은 본 서비스 신청일 당시 회사가 인터넷 홈페이지, 온 

라인 증권거래를 위한 컴퓨터 화면(이하 HTS 라 한다) 등을 통해 안내한 주식(신용 

융자가능종목) 또는 ETF(00000, 00000, 00000)로 한다. 


 제4조(본 서비스의 신청,해지) 

① 고객이 본 서비스를 이용하기 위해서는 회사의 지점을 방문하여 본 서비스가 

실행될 계좌번호 , 적립기간 , 자동매수일 , 매수종목 , 적립금액 , 주 

문유형 , 주문처리시간 등(이하 신청내역 이라 한다)의 내용을 기재한 신청 

서를 작성하여 제출하거나 인터넷 홈페이지,HTS에서 고객이 직접 입력하여 신청 

가능하다. 

② 고객이 제1항의 신청내역을 해지 하고자 할 때에는 다음과 같은 방법으로 처리한다. 

1. 지점 방문 : 회사의 지점을 방문하여 신청내역을 기재한 신청서를 작성하여 

제출함으로써 해지 처리한다. 

2. 유선 : 지점 및 고객행복센터를 통하여 해지신청서 작성에 필요한 내용 녹취 후
 
해지 처리한다. 

3. 인터넷 홈페이지,HTS : 해지 화면에서 직접 해지할 수 있다. 

③ 고객이 자동매수일 에 자동매수주문이실행된 이후 해지를 신청할 경우 당월 자동 

매수주문은 유효하다. 

④ 본 서비스 신청내역의 변경은 불가하며 고객이 신청내역을 변경하고자 하는 경우 

에는 본 서비스를 해지한 후 재신청 하여야 한다. 


 제5조(본 서비스의 내용) 

① 자동매수주문은 자동매수일 에 실행되며, 자동매수일 이 휴일인 경우  자동 

매수일 이후 최초로 도래하는 영업일을 자동매수일 로 하여 실행된다. 자동매 

수일   이 해당 월의 마지막 날이자 휴일인 경우 다음 달 최초로 도래하는 영업일에 

자동매수주문은 실행된다. 

  ② 자동매수주문은 고객이 신청한  매수종목  순으로 실행되며, 선순위 신청종목에 

대한 금액을 충족한 후 차 순위 신청종목에 대한 자동매수주문을 실행한다. 

③ 자동매수주문 실행 시 계좌 내 적립금액  부족, 다른 주문의 존재, 미수금 발  

생 등의 사유로 인하여 매수가능 금액이  적립금액 에 미달하는 경우 자동매수 

주문은 실행되지 않는다. 이때, 회사는 고객에게 서면 등 고객과 사전에 합의한 

방법으로 지체 없이 통보한다. 

④  매수종목 의 거래정지, 관리종목 지정, 정리매매 및 상장폐지 등 정상적인 매 

매가 불가능한 사유가 발생한 경우 자동매수주문은 실행되지 않으며 회사는 고객 

에게 서면 등 고객과 합의된 방법으로 지체 없이 통보한다. 

⑤  적립기간  중 계좌의 인출가능금액에 대하여 제한 없이 출금할 수 있다. 다만, 

자동매수주문의 처리를 위한  적립금액 은  자동매수일  1일 전까지 계좌 내 

있어야 하며, 고객의 인출로 인하여  적립금액 이 부족할 경우, 자동매수주문은 

실행되지 않는다. 

⑥ 고객이 자동매수주문의 체결 이전에 일부 또는 전부를 정정 혹은 취소 할 경우 

해당 정정 또는 취소의 효력은 당월의 자동매수주문에 한하여 적용되고 익월부터 

는 고객이 당초에 정한  신청내역 으로 자동매수주문이 실행된다. 

⑦ 자동매수주문이 체결된 이후에 고객은 체결된 주문에 대해서 취소할 수 없다. 

⑧ 미체결 및 기타 사유로 인한 처리불가 시 계좌 내 잔고는 예탁금으로 처리되며 

당사 예탁금이용료 지급기준에 의거하여 예탁금 이용료를 지급한다(예탁금이용료 

지급기준은 당사 매매거래계좌 설정약관에 따름). 

⑨ 회사는 당일 자동매수주문의 전부 체결 또는 일부 체결한 내용을 고객에게 서면  

등 고객과 사전에 합의한 방법으로 통보한다. 다만, 고객이 명시적으로 통보 받기 

를 거부한 경우에는 그러하지 아니한다. 

⑩  본 서비스 신청일 당시 신용융자가능종목  으로 지정되었던 종목이  적립기간  

중 자동매수일 의  주문처리시간 에  신용융자불가종목  으로 변경되면 당 

월 자동매수주문은 해당 매수종목에 대해서만 처리되지 않고, 신용융자가능종목으  

로 유지중인 매수종목에 대해서는 처리된다. 이때, 회사는 그 사실을 고객에게 서  

면 등 고객과 사전에 합의한 방법으로 지체 없이 통보한다. 

⑪ 고객이 본 서비스에 대하여 별도의 해지의사를 표시하지 않을 경우 적립기간 이 

만료되기 전까지 매월 본 서비스는 반복하여 실행된다. 


 제6조(매도) 

회사는 본 서비스를 이용해 체결된 종목에 대하여 자동매도주문 서비스를 제공하지 아 

니하며 고객은 본인의 책임 하에 해당종목을 보유하거나 매도하여야 한다. 


 제7조(수수료) 

① 본 서비스를 통한 자동매수주문 시 매수 수수료는 고객별 적용 수수료율로 

징수함을 원칙으로 한다. (매매거래계좌설정약관에 따름) 

② 본 서비스를 신청한 계좌는 온라인 매체(인터넷 홈페이지, HTS, 모바일)를
 
이용한 이체시 이체수수료가 면제되며, 본 서비스 해지와 함께 이체수수료 면 

제 혜택도 중단된다. 

③ 제4항 단서의 규정에도 불구하고 40일 이내에 고객이 현금을 납부하지 아니하거나 

계좌내 자산을 처분하여 수수료로 충당할 것을 지시하지 않는 경우 회사는 수수료의 

충당을 위하여 미납수수료에 상당하는 고객 계좌 내 재산을 고객과 합의한 방법에 

의하여 처분 할 수 있다.


 제8조(면책) 

① 회사는 다음 각 호의 어느 하나에 해당하는 사유로 인하여 고객에게 발생하는 

손해에 대하여 회사의 책임 있는 사유가 없는 한 책임을 지지 아니 한다. 

1. 천재지변, 전시,사변 또는 이에 준하는 불가항력적 사유 

2. 고객에게 책임 있는 사유가 있는 경우 

② 제1항에도 불구하고 전자금융거래 시 접근매체의 위조나 변조로 발생한 사고, 계약 

체결 또는 거래지시의 전자적 전송이나 처리과정에서 발생한 사고로 인하여 이용자 에 

게 손해가 발생한 경우에는 회사는 과실 여부를 불문하고 그 손해를 배상하여야 한다. 

다만, 전자금융거래 시 고객의 고의나 중대한 과실이 있는 경우 등은 전자금융 거래 

이용에 관한 기본약관 에서 정한 바에 따른다. 

③제1항에도 불구하고 전자금융거래법 등 관련 법령에 고객에게 유리하게 적용될 수 

있는 규정이 있는 경우에는 그 법령을 우선 적용한다. 


 제9조(서비스의 중단) 

관계법규의 제,개정 등으로 인해 본 서비스의 제공이 불가능한 경우, 회사는 서면 등 

고객과 사전에 합의한 방법으로 고지한 후 서비스의 일부 또는 전부를 제한하거나 중 

단 할 수 있다. 


 제10조(약관의 변경 등) 

① 회사는 약관을 변경하고자 하는 경우 그 변경내용을 변경되는 약관의 시행일 

20일 전에 고객이 확인할 수 있도록 회사의 영업점에 갖추어 두거나 인터넷홈 

페이지, HTS 그 밖에 이와 유사한 전자통신매체를 통하여 게시한다. 다만, 자 

본시장법 등 관계법령 또는 거래소 업무규정의 제,개정에 따른 제도변경 등으 

로 약관이 변경되는 경우로서 본문에 따라 안내하기가 어려운 급박하고 부득이 

한 사정이 있는 경우에는 변경내용을 앞의 문장과 같은 방법으로 개정약관의 

시행일 전에 게시한다. 

② 제1항의 변경내용이 고객에게 불리한 경우 회사는 이를 서면 등 고객과 사전 

에 합의한 방법으로 변경되는 약관의 시행일 20일전까지 통지하여야 한다. 다 

만, 기존 고객에게 변경 전 내용이 그대로 적용되는 경우 또는 고객이 변경내 

용에 대한 통지를 받지 아니하겠다는 의사를 명시적으로 표시한 경우에는 그러 

하지 아니한다. 

③ 회사는 제2항의 통지를 할 경우 고객은 약관의 변경에 동의하지 아니하는 경 

우 계약을 해지할 수 있으며, 통지를 받은 날로부터 변경되는 약관의 시행일 

전의 영업일까지 계약해지의 의사표시를 하지 아니한 경우에는 변경에 동의한 

것으로 본다. 라는 취지의 내용을 통지하여야 한다. 

④  고객이 제3항의 통지를 받은 날로부터 변경되는 약관의 시행일 전의 영업일까 

지 계약해지의 의사표시를 하지 아니하는 경우에는 변경에 동의한 것으로 본다. 

⑤ 회사는 약관을 회사의 영업점에 고객이 확인할 수 있도록 갖추어 두거나 게시 

하여 고객이 요구할 경우 이를 교부하여야 하며, 인터넷 홈페이지, HTS 그 밖 

에 이와 유사한 전자통신매체에 게시하여 고객이 약관을 조회하고 다운로드(화 

면출력 포함)받을 수 있도록 하여야 한다. 


제11조(고객의 기재내용 변경 통지) 

고객은 주소, 전화번호 등 그 밖의 서비스신청서상의 기재된 내용에 변경이 있는 때에 

는 지체 없이 그 변경 내용을 회사에 통지하여야 하며, 고객이 회사에 대하여 변경내 

용을 통보하지 않는 경우 발생한 불이익에 대하여 회사는 회사의 책임 있는 사유가 없 

는 한 책임을 지지 아니한다. 다만, 이 경우에도 회사는 선량한 관리자로서의 주의의 

무를 다하여야 한다. 


 제12조(관계법규의 준용) 

①이 약관에서 정하지 아니한 사항은 별도의 약정이 없는 한 관계법규 등에서 정하는 

바에 의하며, 관계법규 등에도 정함이 없는 경우에는 일반적인 상관례에 따른다. 

②이 약관 중에 전자금융거래에 관하여는 전자금융거래 이용에 관한 기본 약관  및 

전자금융거래법령이 이 약관보다 우선 적용된다. 


 제13조(분쟁조정) 

고객은 회사와 분쟁이 발생하는 경우 회사의 민원처리기구에 그 해결을 요구하거나 금 

융감독원, 한국금융투자협회 등에 분쟁조정을 신청할 수 있다. 
 




		]]>
		</cn>
	</file>
</root>