<?xml version="1.0" encoding="UTF-8" standalone="yes"?>
<root>
	<file>
		<category>
		<![CDATA[
30.보증		]]>
		</category>
		<name>
		<![CDATA[
017_보증.pdf		]]>
		</name>
		<cn>
		<![CDATA[

 


제1조(보증책임) 000 공제조합(이하  조합 이라 한다.)은 계약자(이하  채무자 라 한다.)
가 앞면 기재계약(이하  주계약 이라 한다.)과 관련한 성능유보금 반환채무(계약이행기일 
이 보증기간 내에 있는 채무에 한함)를 이행하지 아니함으로써(이하  보증사고 라 한다.) 
그 상대방(이하  보증채권자 라 한다.)에게 부담하는 채무를 이 보증서에 기재된 사항과 
약관에 따라 지급하여 드립니다.

제2조(보증채무를 이행하지 아니하는 사유) 조합은 다음 각 호의 1에 해당하는 때에는 
보증금을 지급하여 드리지 아니합니다.
1. 천재지변, 전쟁, 내란 기타 이와 비슷한 변란으로 인하여 보증사고가 발생한 때
2. 보증채권자의 책임 있는 사유로 인하여 보증사고가 발생한 때
3. 제6조 제2항 또는 제7조 제2항에 해당하는 사유가 있는 때

제3조(보증채무의 이행한도) 조합이 지급할 보증금은 이 보증서에서 기재된 보증금액을 
한도로 하여 계약이행 기일에 있어서의 미회수 채권액으로 합니다. 다만, 관계법령에 위 
유보금 반환에 관한 규정이 있을 때에는 그에 따릅니다.

제4조(손해의 방지 및 경감의무) ①보증채권자는 보증기간 중에는 보증사고의 방지에, 
보증사고가 발생한 때에는 손해의 방지와 경감에 힘써야 합니다.
②보증채권자가 보증사고 발생 후 손해의 방지 또는 경감을 위하여 조합의 동의를 
얻어 지출한 필요하고도 유익한 비용은 보증금액을 초과하지 않는 범위 내에서 조합이 
이를 보상하여 드립니다.

제5조(보증계약의 효력상실) 이 보증서의 보증채권자가 변경되거나, 주계약의 내용에 
중대한 변경이 있었을 때에는 그때부터 이 보증서의 효력은 상실됩니다. 다만, 서면으로 
조합의 승인을 받은 경우에는 그러하지 아니합니다.

제6조(보증채무의 이행청구) 보증채권자는 보증채무의 이행을 청구할 경우에는 보증회사에 
다음 각 호의 서류를 제출해야 합니다.
1. 보증채무 이행청구서
2. 분양계약서
3. 입주금 납부영수증(무통장입금증)
4. 감리자발행공정확인서(제4조 제1항 제2호의 보증사고로 이행청구하는 경우에 한함)
5. 계약금 및 중도금 출금내역 등 그 밖에 보증회사가 필요하여 요구하는 서류

제7조(보증채무의 확인조사) ①조합은 보증사고의 통지나 보증금 청구를 받은 경우 채 
무자 또는 보증채권자에 대하여 보증사고와 관련한 필요한 조사를 할 수 있습니다.
②보증채권자는 제1항의 조사에 협조하여야 하며, 정당한 사유없이 조사에 협조하지 아 
니함으로써 증가된 채무는 지급하지 아니합니다.

제8조(보증금 지급시기) 조합은 제7조의 조사를 마치는 대로 지체없이 지급할 보증금을 
결정하여 즉시 이를 지급하여 드립니다.

제9조(대위 및 구상) ①조합이 보증금을 지급한 때에는 채무자에 대하여 구상권을 가지며, 
보증채권자의 이익을 해치지 아니하는 범위 내에서 보증채권자가 채무자에 대하여 가 
지는 권리를 대위하여 가집니다.
②보증채권자는 제1항의 권리를 보전하거나 행사하는데 필요한 모든 서류를 조합에 제 
출하고 조합의 구상권 행사에 적극 협조하여야 합니다.
③조합은 보증채권자가 정당한 사유없이 제2항의 규정을 위반한 때에는 그 위반으로 
취득하지 못한 금액을 보증채권자에게 청구할 수 있습니다.

제10조(양도 및 질권설정) 이 보증서는 양도 또는 질권설정을 할 수 없으며, 보증목적 
이외의 용도로 유용하였을 경우에는 조합이 지급의무를 지지 아니합니다.

제11조(분쟁의 조정) 보증금의 지급 등에 관하여 조합과 보증채권자, 채무자, 기타 이해 
관계인과의 사이에 분쟁이 있는 경우에는 이해 당사자간에 합의에 의하여 선정한 분쟁 
조정기관의 조정을 받을 수 있습니다.

제12조(관할법원 및 준거법) 이 보증에 관한 소송은 조합의 주사무소 소재지를 관할하는 
법원을 합의에 따른 관할법원으로 하며, 이 약관에 정하지 아니하는 사항은 대한민국 
법령에 따릅니다.

제5조(보증기한과 당해대출기한과의 관계)
② 당해대출의 기한이 이 보증서에 기재된 보증기한보다 단기인 때에는 공사가 따로 보증조건변경통지를 아니하더라도 보증기한은 대출기한과 동일하게 변경되어 단축된 것으로 본다.


		]]>
		</cn>
	</file>
</root>