<?xml version="1.0" encoding="UTF-8" standalone="yes"?>
<root>
	<file>
		<category>
		<![CDATA[
30.보증		]]>
		</category>
		<name>
		<![CDATA[
019_보증.pdf		]]>
		</name>
		<cn>
		<![CDATA[


제1조(보증책임) 자본재 공제조합(이하 조합 이라 한다.)은 입찰참가자(이하 채무자 라 
한다.)가 앞면 기재의 입찰에 참가하여 계약자로 선정되었음에도 불구하고 보증기한 내에 주 
계약을 체결하지 아니함으로써(이하 보증사고 라 한다.) 그 상대방(이하 보증채권자 라 
한다.)에게 부담하는 채무를 이 보증서에 기재된 사항과 약관에 따라 지급하여 드립니다.

제2조(입찰일 변경시 보증의 효력) 입찰공고의 내용 중 입찰일만 변경(유찰로 인한 재 
공고 입찰 포함)된 때에는 이 보증서의 보증기한에 불구하고 당해 입찰이 종료될 때까
지 보증의 효력이 있습니다.

제3조(보증채무를 이행하지 아니하는 사유) 조합은 다음 각 호의 1에 해당하는 때에는 
보증금을 지급하여 드리지 아니합니다.
1. 천재지변, 전쟁, 내란 기타 이와 비슷한 변란으로 인하여 보증사고가 발생한 때
2. 보증채권자의 책임있는 사유로 인하여 보증사고가 발생한 때
3. 제6조 제2항 또는 제7조 제2항에 해당하는 사유가 있는 때

제4조(손해의 방지 및 경감의무) ①보증채권자는 보증기간 중에는 보증사고의 방지에, 
보증사고가 발생한 때에는 손해의 방지와 경감에 힘써야 합니다.
②보증채권자가 보증사고 발생 후 손해의 방지 또는 경감을 위하여 조합의 동의를 얻어 지출한 필 
요하고도 유익한 비용은 보증금액을 초과하지 않는 범위 내에서 조합이 이를 보상하여 드립니다.

제5조(보증채무의 이행한도) 조합이 지급할 보증금은 이 보증서에서 기재된 보증금액을 
한도로 하여 입찰공고 또는 관계법령이 정하는 바에 따라 보증채권자가 몰수 또는 귀속시 
켜야 할 금액으로 합니다. 다만, 입찰공고 등에 보증금의 몰수 또는 귀속조항이 없는 경우 
에는 보증금액을 한도로 하여 보증채권자가 청구하는 금액 중 실제 손해액으로 합니다.

제6조(보증채무의 이행청구) ①보증채권자는 보증사고가 생긴 경우 이를 지체없이 조합 
에 알리고, 보증금 청구시에는 보증금 청구서와 함께 아래의 서류를 제출하여야 합니다.
1. 보증서 또는 그 사본
2. 손해액을 증명하는 서류
3. 기타 조합이 요구하는 자료
②보증채권자가 정당한 사유없이 보증사고의 통지나 보증채무의 이행청구를 게을리함으로써 
증가된 채무는 지급하지 아니합니다.
③이 보증서와 관련된 보증금 청구권은 2년간 행사하지 아니하면 소멸시효가 완성합니다.

제7조( 분양이행시 지체배상금 및 연체료의 적용) ①보증회사는 제6조 제9항에 따라 알린 입주예정일에 
입주(임시사용승인을 포함)시키지 못한 경우에는 기납부된 입주금에 대하여 그 초과일수에 원래 분양계약서의 
지체배상금률(지체기간별로 상이한 경우에는 최소 지체배상금률을 말함)과 공사 내규의 연체료율 중 낮은율을 
적용하여 계산한 지체배상금을 부담합니다. 개정 2019. 7.25 
②분양이행시 보증채권자가 납부해야 할 잔여입주금에 대한 연체료는 다음 각 호에 따라 계산합니다.
1. 보증사고 당시 납부기일이 지난 입주금 : 납부지연일수에서 입주지연기간(원래의 입주예정일로부터 분양이행시 
새로 알린 입주예정일까지의 일수)을 뺀 기간에 원래 주택분양계약서의 연체료율을 적용하여 계산합니다.
2. 보증사고 당시 납부기일이 지나지 않은 입주금 : 제6조 제9항에서 보증회사가 알린 입주금납부기일에 입주금을 
납부하지 않을 경우에는 납부지연일수에 원래 분양계약서의 연체료율(연체기간별로 상이한 경우에는 최소 연체료
율을 말함)과 공사 내규의 연체료율 중 낮은율을 적용하여 계산합니다. 개정 2019. 7.25  

제8조(보증채무의 확인조사) ①조합은 보증사고의 통지나 보증금 청구를 받은 경우 채 
무자 또는 보증채권자에 대하여 보증사고와 관련한 필요한 조사를 할 수 있습니다.
②보증채권자는 제1항의 조사에 협조하여야 하며, 정당한 사유없이 조사에 협조하지 아 
니함으로써 증가된 채무는 지급하지 아니합니다.

제9조(보증금 지급시기) 조합은 제7조의 조사를 마치는 대로 지체없이 지급할 보증금을 
결정하여 즉시 이를 지급하여 드립니다.

제10조(대위 및 구상) ①조합이 보증금을 지급한 때에는 채무자에 대하여 구상권을 가지며, 
보증 채권자의 이익을 해치지 아니하는 범위 내에서 보증채권자가 채무자에 대하여 
가지는 권리를 대위하여 가집니다.
②보증채권자는 제1항의 권리를 보전하거나 행사하는데 필요한 모든 서류를 조합에 제 
출하고 조합의 구상권 행사에 적극 협조하여야 합니다.
③조합은 보증채권자가 정당한 사유없이 제2항의 규정을 위반한 때에는 그 위반으로 
취득하지 못한 금액을 보증채권자에게 청구할 수 있습니다.

제11조(양도 및 질권설정) 이 보증서는 양도 또는 질권설정을 할 수 없으며, 보증목적 
이외의 용도로 유용하였을 경우에는 조합이 지급의무를 지지 아니합니다.

제12조(분쟁의 조정) 보증금의 지급 등에 관하여 조합과 보증채권자, 채무자, 기타 이해 
관계인과의 사이에 분쟁이 있는 경우에는 이해 당사자간에 합의에 의하여 선정한 분쟁 
조정기관의 조정을 받을 수 있습니다.

제13조(관할법원 및 준거법) 이 보증에 관한 소송은 조합의 주사무소 소재지를 관할하는 법원
을 합의에 따른 관할법원으로 하며, 이 약관에 정하지 아니하는 사항은 대한민국 법령에 따릅니다.

제6조(보증조건의 변경)
① 채권자는 공사로부터 보증조건의 변경통지를 받지 아니하고는 당해대출 기한의 연장, 대출과목의 변경, 채무자의 변경 등 보증채무에 영향을 미칠 수 있는 대출약정의 내용을 변경하여서는 아니된다.

		]]>
		</cn>
	</file>
</root>