<?xml version="1.0" encoding="UTF-8" standalone="yes"?>
<root>
	<file>
		<category>
		<![CDATA[
4. 신탁계약		]]>
		</category>
		<name>
		<![CDATA[
020_신탁계약.pdf		]]>
		</name>
		<cn>
		<![CDATA[


 

(적용기준일  2002. 2. 14) 

 

 

00000신탁 약관 
 

제1조(약관의 적용) 00000신탁(이하  신탁 이라 함)거래에는 이 약 

관과 금전신탁거래 기본약관을 적용합니다. 

 
제2조(위탁자와 수익자) 이 신탁의 위탁자는 개인기업, 법인, 단체, 조 

합, 국가와 지방자치단체 등으로 하며, 수익자는 위탁자와 동일인이 

어야 합니다. 

 
제3조(신탁금액) 이 신탁의 최초 신탁금액은 은행이 별도로 정한 금액 

이상으로 하며 추가신탁 할 수 없습니다. 그러나 자동이체, 대출금상  

환, 신탁이익계산으로 인한 추가신탁은 가능합니다. 

 
제4조(신탁기간) ① 이 신탁의 신탁기간은 1년6개월로 하며 매 신탁건 

별로 기산합니다. 

② 제1항의 신탁기간은 연장할 수 없습니다. 

 
제5조(이익계산) 이 신탁은 은행이 정하는 방법에 따라 수탁건별로 

수탁일로부터 1년6개월이 경과한 후 처음 도래하는 수탁응당일 

전일 및 그 이후 매 6개월마다 수탁응당일 전일까지 이익계산하  

여 수탁응당일 원가합니다. 그러나 신탁금을 지급할 때에는 그 때 

를 이익계산일로 합니다. 

 
제6조(신탁금의 지급) ① 이 신탁의 신탁금은 수익자의 별도 요청이 

없는 경우에는 선입선출방법에 의하여 지급합니다. 

② 각 신탁금은 분할하여 인출할 수 있습니다. 

 
제7조(양도 및 담보제공) 이 신탁의 수익권은 양도하거나 담보로 제 

공할 수 없습니다. 

 
제8조(거래중지계좌) 

① 은행은 금전신탁거래 기본약관에서 정한 바에 따라 신탁계좌가 다 

음 각호의 1에 해당할 때에는 이 신탁내에서 거래중지계좌로 편입후 

별도관리할 수 있습니다. 

1. 수탁잔액이 1만원 미만이며 최종거래일 또는 만기일 중 늦은 날을 

기준으로 1년 이상 입,출금거래가 없는 계좌 

2. 수탁잔액이 1만원 이상 5만원 미만으로 최종거래일 또는 만기일 중 

늦은 날을 기준으로 2년 이상 입,출금거래가 없는 계좌 

3. 수탁잔액이 5만원 이상 10만원 미만으로 최종거래일 또는 만기일 

중 늦은 날을 기준으로 3년 이상 입,출금거래가 없는 계좌 

② 제1항에 따라 거래중지계좌로 편입된 계좌에 대하여는 별도의 이 

익계산을 하지 않으며 거래처로부터 지급 등을 요청받을 경우에는 

해당계좌에 대한 신탁이익을 일괄계산하여 지급합니다. 


제9조 (신탁해지） 
① 위탁자 또는 수익자는 우선수익자, 수익자 (수익권에 질권을 설정한 경우 질권자 포함)및 수탁자의 동의를 얻은 경우 이 신탁계약을 해지할 수 있고, 이 경우 위탁자와 수익자는 이 신탁계약의 해지로 인해 수탁자에게 발생한 손해를 배상한다.
② 법률 규정의 개폐 등 제도의 변경, 경제사정의 변화, 피분양자로의 소유권이전, 그 밖의 상당한 사유에 의하여 신탁의 목적달성 또는 신탁사무의 수행이 불가능하거나 곤란한 때, 수탁자는 수익자, 우선수익자（수익권에 질권을 설정한 질권자 포함）와 협의하여 이 신탁계약을 해지할 수 있고, 이 경우 수탁자는 그 책임을 부담하지 않습니다.
③ 제1항 내지 제2항의 규정에 의한 해지에 있어서 수탁자는 신탁제비용, 신탁보수（대리사무보수 포함）, 과실 없이 받은 손해 및 이 신탁계약으로 인하여 부담하게 된 채무액을 수익자에게 청구하거나 신탁부동산을 처분하여 우선 변제받을 수 있습니다.
 


		]]>
		</cn>
	</file>
</root>