<?xml version="1.0" encoding="UTF-8" standalone="yes"?>
<root>
	<file>
		<category>
		<![CDATA[
19. 증권사1		]]>
		</category>
		<name>
		<![CDATA[
021_증권사1.pdf		]]>
		</name>
		<cn>
		<![CDATA[



 

제1조 (목적)
이 약관은 000(이하  회사 라 합니다)에 외화증권 
매매거래계좌를 개설한 고객 중 해외증권시장의 실시간 시세정보를 유로로 제공받 
고자 하는 고객(이하  고객 이라 함)과  회사  간에 회사가 해외증권시장에서의 
위탁의 중개, 주선 또는 대리를 목적으로 제공하는 실시간 시세정보 제공 서비스 
(이하  서비스 라 함)의 이용조건 및 절차 등에 필요한 모든 사항을 정함을 목적 
으로 한다. 

제2조 (서비스의 내용) 
회사가 고객에게 서비스를 통하여 제공하는 실시간 시세정보(이하  시세정보 )의 
내용은 해외증권시장에 상장되어 있는 외화증권의 시세, 차트, 잔고평가 등 시세와 
관련된 모든 사항을 포함한다. 

제3조 (서비스의 이용) 
① 회사가 제공하는 서비스를 이용하고자 하는 고객은 회사의 영업점, 온라인 증 
권거래를 위한 컴퓨터 화면, 그 밖의 이와 유사한 전자통신매체에서 서비스를 
신청하여야 한다. 
② 고객은 회사의 사전 동의 없이 서비스를 이용하여 영업행위를 하거나 서비스 
및 시세정보의 내용을 무단으로 전재, 복제, 전송, 배포하여서는 아니 된다. 
③ 고객은 서비스를 이용하는 본인의 ID, 비밀번호, 계좌번호 등 고객의 개인정보  
및 기밀사항을 타인에게 누설하거나 노출하여서는 아니 되며, 제3자에게 양 
도하는 행위를 하여서는 아니 된다. 

제4조 (이용요금 및 결제일) 
① 고객은 서비스를 이용하기 위해서는  별첨 에서 정하는 이용료를  별첨 에서 
정하는 납부시기에 납부하여야 한다. 
② 서비스 이용 신청 시 해당 월 이용요금은 서비스를 신청한 외화증권매매거래계 
좌(이하 신청계좌)에 예치하여야 한다. 
③ 고객은 서비스 이용권한을 위해 매월 서비스 이용요금을 회사에 납부하여야 
한다. 이용요금은 월 단위로 부과되며, 월 단위는 매월 1일부터 당월 말일까 
지로 한다. 서비스 이용요금은 서비스를 제공하는 해외거래소로 전달되며, 해 
당 거래소의 이용료 과금정책에 따라 고객에 대한 서비스 제공 시작시점이 해   
당 월 1일이 아니거나 종료시점이 월말이 아닌 경우라도 서비스 이용료는 1 
개월로 계산하며 중도해지 시 당월 미사용 잔여일수에 대해서는 환급되지 않 
는다. 
④ 자동연장 서비스를 신청한 고객의 경우 고객이 별도의 서비스 해지신청을 하 
지 않는 경우, 매월 1일에 고객의 서비스 신청계좌에서 해당 월 이용요금이 외 
화(결제통화)로 자동으로 징수된다. 단, 서비스 자동연장 기준일(매월 첫 영업 
일)에 신청계좌에 외화잔고가 부족하거나 고객이 이용요금을 납부하지 않은 
경우 해외거래소의 시세정보 제공 서비스가 제한됨에 따라 회사의 서비스 제 
공이 중단된다. 
⑤ 회사는 서비스 이용요금 징수기준을 정하고 이를 회사의 영업점, 인터넷 홈페 
이지, 온라인 거래를 위한 컴퓨터 화면, 또는 이와 유사한 전자통신매체에 비   
치 또는 게시한다. 또한 회사가 이용요금 징수기준을 변경하고자 하는 경우에  
는 제8조(약관의 변경 등)의 절차에 따른다. 

제5조 (면책)
회사는 회사의 책임 있는 사유가 없는 경우로서 다음 각 호의 어느 
하나에 해당되는 사유로 인하여 고객에게 발생하는 손해에 대하여 책임을 지지 아 
니한다. 
1. 고객에게 책임 있는 사유가 있는 경우 
2. 회사의 책임 있는 사유가 없는 전산장애, 해외증권시장 등의 장애발생, 해외증 
권시장 시세정보 제공자의 시세정보 제공 중단으로 인한 서비스 제공의 지연,  
중단 및 시세정보 오류 

제6조 (불가항력으로 인한 면책) 
회사는 천재지변, 사변 이에 준하는 불가항력의 사유로 인하여 서비스를 제공할 수 
없는 경우와 지연되는 경우 이에 대한 책임을 지지 아니한다. 

제7조 (계약의 해지) 
고객이 계약기간 중 서비스 이용계약을 해지하고자 하는 경우 고객이 영업점을 방 
문하거나 고객이 온라인 거래를 위한 컴퓨터 화면 그 밖의 이와 유사한 전자통신 
매체를 통하여 해지 신청을 할 수 있다. 

제8조 (약관의 변경 등) 
① 회사는 본 약관을 변경하고자 하는 경우 변경내용을 변경되는 약관의 시행일     
1개월 전에 고객이 확인할 수 있도록 회사의 영업점에 갖추어 두거나 인터넷 
홈페이지, 온라인 거래를 위한 컴퓨터 화면, 그 밖에 이와 유사한 전자통신매 
체를 통하여 게시한다. 다만, 자본시장법 등 관계 법령 또는 거래소 업무규정     
의 제정, 개정에 따른 제도변경 등으로 약관이 변경되는 경우로서 본문에 따라 
안내하기가 어려운 급박하고 부득이한 사정이 있는 경우에는 변경내용을 앞의 
문장과 같은 방법으로 개정 약관의 시행일 전에 게시한다. 
② 제1항의 변경내용이 고객에게 불리한 것일 때에는 이를 전자문서 등 고객과 
사전에 합의한 방법으로 통지한다. 다만, 기존 고객에게 변경 전 내용이 그대    
로 적용되는 경우 또는 고객이 변경내용에 대한 통지를 받지 아니하겠다는 의 
사를 분명하게 밝힌 경우에는 통지하지 않을 수 있다. 
③ 회사는 제2항의 통지를 할 경우  고객은 약관의 변경에 동의하지 아니하는 
경우 계약을 해지할 수 있으며, 통지를 받은 날로부터 변경되는 약관의 시행 
일 전의 영업일까지 계약해지의 의사표시를 하지 아니한 경우에는 변경에 동 
의한 것으로 본다 라는 취지의 내용을 통지하여야 한다. 
④ 고객이 제3항의 통지를 받은 날로부터 변경되는 약관의 시행일 전의 영업일 
까지 계약해지의 의사표시를 하지 아니하는 경우에는 변경에 동의한 것으로 
본다. 
⑤ 회사는 약관을 회사의 영업점에 마련하여 두거나 게시하여 고객이 요구할 경  
우 이를 교부하여야 하며 인터넷 홈페이지, 온라인 거래를 위한 컴퓨터 화면,  
그 밖에 이와 유사한 전자통신매체에 게시하여 약관을 조회하고 다운로드(화 
면출력포함)받을 수 있도록 하여야 한다. 

(기재내용 변경 시 통지) 고객은 자신의 주소, 전화번호 등과 대리인이 
있는 경우 대리인의 성명, 주소, 대리권의 범위 등 매매거래계좌개설신청서상의 
내용에 변경이 있는 때에는 지체 없이 그 변경내용을 회사에 통지하여야 한다.

제9조 (분쟁조정) 
회사와 고객 간 분쟁이 발생하는 경우 고객은 회사의 민원처리기구에 그 해결책을 
요구하거나 000, 000 등에 분쟁조정을 신청할 수 있다. 

제10조 (관할법원) 
이 약관에 의한 거래와 관련하여 발생된 분쟁에 대하여 회사와 고객 사이에 소송의 
필요가 생긴 경우에는 그 관할법원은  민사소송법 이 정한 바에 따른다. 

제11조 (관계 법규 등 준용) 
① 이 약관에서 정하지 아니한 사항은 별도의 약정이 없는 한 관계 법규 등에서 
정하는 바에 의하며, 관계 법규 등에도 정함이 없는 경우에는 일반적인 상관례 
에 따른다. 
② 이 약관에 의한 거래 중 전자금융거래에 관하여는  전자금융거래에 관한 기 
본약관  및 전자금융법령이 우선 적용된다. 

제12조(수수료) 위탁판매 수수료와 관련하여 다음 방법중 하나를 선택할 수 있다.
① 위탁판매보수의 계산기간(이하 보수계산기간이라 한다)은 갑이 법에 의해 금감위에 
증권투자회사로 등록후 일반공모에 의한 자금이 자산보관회사의 계좌로 납입된 
날로부터 ( )개월 단위로 한다. 다만, 제3항의 보수지급사유가 발생하는 시점이 
최근 보수계산기간 말일부터 3월이 경과하지 않은 경우에는 보수지급사유 발생일까지를 
보수계산기간으로 본다. 



		]]>
		</cn>
	</file>
</root>