<?xml version="1.0" encoding="UTF-8" standalone="yes"?>
<root>
	<file>
		<category>
		<![CDATA[
4. 신탁계약		]]>
		</category>
		<name>
		<![CDATA[
022_신탁계약.pdf		]]>
		</name>
		<cn>
		<![CDATA[

 
 

(적용기준일  2002. 2. 14) 

 

 

 

00000신탁 약관 
 

제1조(약관의 적용) 00000신탁(이하  신탁 이라 합니다)거래에는 

이 약관과 금전신탁거래기본약관을 적용합니다. 

 

제2조(위탁자와 수익자) 이 신탁의 위탁자는 근로자로 하며 수익자는 

위탁자 본인으로 합니다. 

 

제3조(신탁금액의 제한) 이 신탁은 관계법령에서 정한 한도 내에서 

매분기 별로 자유롭게 적립할 수 있으며 매회 적립금은 1만원 이 

상으로 합니다. 

 

제4조(신탁기간) 이 신탁의 신탁기간은 3년 이상  5년 이내에서 월단위  

로 정하여야 합니다. 

 

제5조(기간연장) 이 신탁의 신탁기간은 당초 신탁기간이 만료일이 속 

하는 분기 종료일까지 월단위로 연장할 수 있습니다. 그러나 연장에 

의해 변경된 신탁기간은 당초 신탁기간을 포함하여 5년 이내이어야 

합니다. 

 

제6조(신탁이익계산) 이 신탁은 은행이 정하는 방법에 따라 매년 6월 

과 12월의 제3토요일에 이익계산하여 그 다음영업일에 원가합니다. 

 

제7조(특별중도해지) 다음 각호의 사유로 인하여 중도해지할 경우에  

는 특별중도해지로 처리하여 중도해지수수료를 적용하지 아니합니 

다. 



1. 위탁자의 사망, 해외이주 

2. 천재지변 

3. 위탁자가 퇴직한 경우 

4. 위탁자가 근무하는 사업장의 폐업 

5. 위탁자가  3개월 이상 장기간의 입원치료,요양을 요하는 상해 

또는 질병 발생시 

6. 국외취업근로자가 질병 또는 취업계약기간의 만료로 귀국한 

경우 

7. 기타 관계법령에서 정하는 경우 
 

제8조 （신탁해지） 
① 위탁자 또는 수익자는 우선수익자, 수익자（수익권에 질권을 설정한 경우 질권자 포함）및 수탁자의 동의를 얻은 경우에는 이 신탁계약을 해지할 수 있습니다.
② 법률 규정의 개폐 등 제도의 변경, 경제사정의 변화, 피분양자로의 소유권이전, 그 밖의 상당한 사유에 의하여 신탁의 목적달성 또는 신탁사무의 수행이 불가능하거나 현저히 곤란한 때에는 수탁자는 수익자, 우선수익자（수익권에 질권을 설정한 질권자 포함）와 협의하여 이 신탁계약을 해지할 수 있고, 이 경우 수탁자는 그 책임을 부담하지 않습니다.
③ 제1항 내지 제2항의 규정에 의한 해지에 있어서 수탁자는 신탁제비용, 신탁보수 ( 대리사무 보수 포함 ) ,   과실 없이 받은 손해 및 이 신탁계약으로 인하여 부담하는 채무액을 수익자에게 청구하거나 신탁부동산을 처분하여 우선 변제받을 수 있다. 단, 수익자의 동의를 받아야 합니다.
 

제9조(양도 및 담보제공 등) ① 이 신탁의 수익권은 양도할 수 없으며, 

적립금액 범위 내에서 본인명의 대출에 한하여 담보로 제공할 수 

있습니다. 

② 상속으로 인한 계속거래는 할 수 없습니다. 

 

제10조(세제혜택) ① 이 신탁은 관련법령에서 정한 한도까지 세제혜 

택을 받을 수 있습니다. 

② 이 신탁은 3년이 경과되기 전에 중도해지하는 경우에는 이 신탁으      

로 인해 이미 받은 세제상의 혜택을 관련법령에서 정한 바에 따라 추 

징하게 됩니다. 

 

제11조(중복가입통장의 처리) (삭 제) 

 

제12조(거래중지계좌) 

① 은행은 금전신탁거래 기본약관에서 정한 바에 따라 신탁계좌가 다 

음 각호의 1에 해당할 때에는 이 신탁내에서 거래중지계좌로 편입 후 

별도관리할 수 있습니다. 

1. 수탁잔액이 1만원 미만이며 최종거래일 또는 만기일 중 늦은 날을 

기준으로 1년 이상 입,출금거래가 없는 계좌 

2. 수탁잔액이 1만원 이상 5만원 미만으로 최종거래일 또는 만기일 중 

늦은 날을 기준으로 2년 이상 입,출금거래가 없는 계좌 

3. 수탁잔액이 5만원 이상 10만원 미만으로 최종거래일 또는 만기일 

중 늦은 날을 기준으로 3년 이상 입,출금거래가 없는 계좌 

② 제1항에 따라 거래중지계좌로 편입된 계좌에 대하여는 별도의 이 

익계산을 하지 않으며 거래처로부터 지급 등을 요청받을 경우에는 

해당계좌에 대한 신탁이익을 일괄계산하여 지급합니다. 

 
 

 





		]]>
		</cn>
	</file>
</root>