<?xml version="1.0" encoding="UTF-8" standalone="yes"?>
<root>
	<file>
		<category>
		<![CDATA[
34. 상품권		]]>
		</category>
		<name>
		<![CDATA[
024_상품권.pdf		]]>
		</name>
		<cn>
		<![CDATA[

00000 표준약관

이 약관은 지역자치단체장(이하 발행자 라 한다)이 계약에 따라 한국조폐공사(이하 발행
수탁사 라 한다)에 위탁하여 발행한 상품권을 그 소지자(이하 고객 이라 한다)가 사용함
에 있어 고객과 발행자, 발행수탁사 및 발행자와 가맹계약을 맺은 자(이하 가맹점 이라 
한다)등 발행자가 지정한 자(이하 발행자, 발행수탁사, 가맹점, 기타 발행자가 지정한 
자를 통틀어  발행자 등 이라 한다)간에 준수할 사항을 규정한다.

제2조(정의)
00000(이하  상품권 이라 한다)은 000을 통해 발행되어 스
마트폰 또는 태블릿 pc 등의 어플리케이션에서만 판매되는 선불식 모바일 상품권으로
서, 오프라인 및 온라인 가맹점에서 재화 또는 용역을 구매할 시 사용할 수 있는 결제
수단을 의미한다.

제3조(적용의 범위)
이 약관의 적용을 받는 상품권은 다음과 같다. 단, 프로모션 상품 및 이벤트 행사 등으
로 고객에게 무상으로 제공된 상품권의 경우에는 이 약관의 제4조, 제7조 및 제15조의 
적용을 받지 아니한다.
1. 금액상품권: 상품권의 권면에 기재된 금액에 상응하는 물품 또는 용역(이하 물품 등 
이라 한다)을 제공받을 수 있는 상품권
  가. 정액형 상품권: 상품권 권면금액이 정해져 있으며, 권면금액 내에서 횟수에 제한 
없이 자유롭게 사용할 수 있는 상품권
  나. 충전형(비정액) 상품권: 상품권 권면금액이 정해져 있지 않으며, 자유롭게 충전하
여 사용이 가능한 상품권
2. 물품상품권: 상품권의 권면에 기재된 물품을 제공받을 수 있는 상품권
3. 용역상품권: 상품권의 권면에 기재된 용역을 제공받을 수 있는 상품권

제4조(발행 등)
1. 발행자는 상품권의 발행 시 소요되는 제반비용을 부담한다.
  ㅁ 발행자는 상품권 발행 시 다음의 사항을 표시한다.
    가. 발행자
    나. 구매가격(할인된 경우, 할인율 및 할인금액)
    다. 유효기간(유효기간이 설정된 경우에 한함)
    라. 사용조건(사용가능 금액, 제공 물품 등)
        물품 및 용역 제공형 상품권의 경우 수량을 반드시 표기
    마. 사용 가능 가맹점
    바. 환불 조건 및 방법
    사. 지급 보증 또는 피해보상보험계약 체결에 관한 사항
    아. 소비자 피해 발생 시 연락할 관련 전화번호 등
2. 고객의 과실로 상품권이 타인에게 발행된 경우 발행자 등은 해당 상품권이 사용되지 
않은 범위 내에서 정정할 수 있는 방법을 고객에게 제공한다.

제5조(상품권의 사용)
1. 고객이 상품권면 금액 또는 수량의 범위내에서 물품 등의 제공을 요구하는 경우 발
행자 또는 가맹점은 즉시 해당 물품 등을 제공한다.
2. 고객은 발행자 또는 가맹점의 매장에서 판매하는 물품 등에 대하여 가격할인기간을 
포함하여 언제든지 상품권을 사용할 수 있다. 다만, 미리 상품권면에 기재한 특정 매장
(할인매장 제외) 또는 물품 등에 대하여 상품권의 사용을 제한할 수 있다.
3. 금액상품권의 경우, 잔액 범위 내에서 사용 횟수에 제한 없이 사용가능하며 사용 시 
사용금액만큼 차감된다.
4. 물품 또는 용역상품권에 기재된 물품 등의 제공이 불가능하거나 제공에 필요한 통상
적인 기간보다 현저히 지체되는 경우 고객의 요구에 따라 발행자 또는 가맹점은 상품권
면 금액(금액의 표시가 없는 경우 상품권의 정상 판매가격)을 현금으로 즉시 반환한다.
5. 물품 또는 용역상품권에 따라 제공되는 물품 등의 품질은 상품권면에 기재된 내용에 
따른다. 다만, 별도의 기재가 없고 품질에 차이가 나는 물품 등의 경우 상품권면 금액
(금액의 표시가 없는 경우 상품권의 정상 판매가격) 및 거래관행을 고려한 적정 품질 
이상이어야 한다.
6. 발행자 또는 가맹점은 수량으로 기재된 물품 또는 용역상품권에 따른 물품 등의 제
공 시 원재료 가격상승 등 어떠한 이유로도 고객에게 추가대금을 요구할 수 없다.

제6조(유효기간)
1. 상품권의 유효기간은 상품권에 별도로 정해둔 기간으로 한다. 유효기간의 시작시점
은 정액형의 경우 상품권 구매시점으로, 충전형의 경우 충전시점으로 한다.
2. 상품권에 유효기간을 달리 정하지 아니한 경우 제8조의 소멸시효기간을 유효기간으
로 간주한다.
3.  고객 은 사업자에게 제1항의 유효기간 내에는 유효기간의 연장을 요청할 수 있고, 
요청을 받은 발행자는 다음 각호의 특별한 사유가 없는 한 유효기간을 3개월 단위로 
연장한다.
  가. 발행자가 이벤트 경품, 프로모션 등 무상으로 발급한 상품권의 경우
  나. 기타 상품권에 유효기간의 연장이 불가능한 것으로 명시된 경우
  다. 연장신청한 날로부터 3개월 내에 제8조의 소멸시효가 완성되는 경우
  라. 개별 지자체 정책 또는 조례에서 정해놓은 사유가 있는 경우
4. 발행자는 유효기간이 도래하기 7일전 통지를 포함하여 전체 유효기간 내 3회 이상 
고객에게 유효기간의 도래, 유효기간의 연장 가능 여부와 방법 등을 이메일 또는 문자
메시지 등의 방법으로 통지하여야 한다.
5. 발행자는 제1항의 유효기간을 상품권을 구매한 날 또는 충전일로부터 1년 이상으로 정할 수 있다. 다만, 다음 각 호의 물품 및 용역 제공형 상품권의 경우 유효기간을 상품권을 구매한 날로부터 8개월 이상으로 정할 수 있다.
 가. 가공 또는 건조되지 아니한 농․임․수․축산물로서 장기간 보관하는 경우 부패․변질 등으로 본래의 품질유지가 곤란한 물품을 대상으로 하는 상품권
 나. 기간을 정하여 일시적으로 생산․제공․판매되는 물품 또는 용역을 대상으로 하는 상품권

제7조(환불)
1. 상품권의 환불 절차 및 방법은 발행자의 정책 또는 조례를 따른다. 다만 위 정책 또
는 조례에 관련 규정이 없는 경우 본 조 제2항 내지 제6항에 의한다.
2.  고객 은 상품권의 구매일로부터 7일 이내에 애플리케이션을 통해 구매취소를 요청하
여 구매액 전부를 환불 받을 수 있다.
3.  고객 은 유효기간 경과 전까지 정액형 상품권의 경우 권면금액(다수의 정액형 상품
권을 동시에 사용하는 경우에는 총 권면금액), 충전형 상품권의 경우 최종 충전시점에 
기재된 금액의 각 100분의 60(1만 원 이하 상품권은 100분의 80) 이상에 해당하는 물
품 등을 제공받고 잔액의 반환을 요구할 수 있다. 이때 발행자 등은 잔액(구매액을 기
준으로 사용비율에 따라 계산하여 남은 비율의 금액)을 반환한다.
4. 발행자는 전2항의 구매취소 또는 반환요청을 받은 날로부터 영업일 기준으로 2일 이
내에  고객 이 지정한 예금계좌로 지급한다.
5. 상품권으로 재화나 용역을 구매한 후 발생하는 주문의 취소는 결제한 금액만큼 상품
권으로 환불(충전)한다.
6. 유효기간 경과 후 제8조의 소멸시효 완성되기 전까지  고객 은 발행자 등에게 상품권
의 미사용 부분에 대한 반환을 청구할 수 있으며, 발행자 등은 잔액(제2항의 기준에 따
라 계산된 금액)의 90퍼센트를 반환한다.

제8조(소멸시효)
1. 상품권은 다음 각호의 날로부터 5년이 경과하면 상법상의 상사채권소멸시효가 완성
된다.
  가. 정액형 상품권의 경우 상품권을 구매한 날
  나. 충전형 상품권의 경우 충전일
2. 충전형 상품권의 경우 각 충전일을 기점으로 순차적으로 소멸시효가 기산된다.
3. 제1,2항의 소멸시효가 완성될 경우  고객 은 발행자 등에게 물품 등의 제공을 요구하
거나 제7조의 환불 및 잔액반환을 요청할 수 없다.



제9조(사용의 제한)
1. 발행자가 제공한 정상적인 모바일 상품권이 아닌 불법, 또는 부정한 방법으로 취득
하거나, 그러한 모바일 상품권을 제3자로부터 제공받아 사용하고자 하는 경우 그 사용
이 제한될 수 있다.
2. 천재지변, 국가비상사태 등 불가항력적 사유가 있는 경우 상품권 사용이 제한될 수 
있다.

제10조(서비스의 중단)
상품권 관련 서비스가 중단될 경우 발행자는 사전에 고객에게 중단사실을 통지하여야 
하며, 판매된 상품권의 잔액은 발행자의 책임으로 고객에게 환불하여야 한다.

제11조(발행자 또는 발행수탁사의 의무)
1. 발행자 또는 발행수탁사는 고객이 상품권을 안정적이고 편리하게 이용할 수 있도록 
노력하여야 하며, 고객의 상품권 이용에 관한 최종적인 책임은 발행자가 진다.
2. 발행자 또는 발행수탁사의 귀책사유로 인한 데이터의 위조 또는 변조 등으로 고객에
게 피해가 발생한 경우, 해당 귀책사유 있는 발행자 또는 발행수탁사는 고객의 피해에 
대해 손해를 배상할 책임이 있다.

제12조(고객의 의무)
1. 고객은 어플리케이션의 아이디 및 비밀번호를 관리하며, 고객의 관리소홀로 인한 상
품권의 분실 및 도용시 그 책임은 발행자 등이 지지 아니한다.
2. 고객은 불법 또는 부정한 방법으로 상품권을 취득하거나 사용하여서는 아니된다.

제13조(면책사항)
1. 발행자 등은 천재지변 또는 이에 준하는 불가항력으로 인하여 서비스를 제공할 수 
없는 경우에는 서비스 제공에 관한 책임이 면제된다.
2. 발행자 등은 고객의 귀책사유로 인한 서비스의 이용 장애에 대하여 책임을 지지 않
는다.
3. 발행자 등은 불법 또는 부정한 방법으로 서비스를 이용하여 고객 상호 간 또는 고객
과 제3자 상호 간에 서비스를 매개로 발생한 분쟁에 대해서는 개입할 의무가 없으며 
이로 인한 손해를 배상할 책임도 없다.
  가. 타인의 휴대전화(분실 휴대전화 포함)를 이용하거나 번호를 도용하여 상품권을 
구매한 경우
  나. 고객이 수신자의 번호를 잘못 입력하여 상품권을 잘못 전송하였는데, 수신자가 
상품권을 이미 사용하였거나 반환을 거절하는 경우
  다. 고객이 상품권을 불법 할인의 목적으로 구매하여 제3자 또는 수신자에게 전송(판
매)하는 경우

제14조(분쟁해결)
이 약관과 관련하여 발행자 등과 고객 사이에 발생한 분쟁에 관한 소송은 민사소송법상
의 관할법원에 제기한다.

제15조(지급보증 등)
발행자의 사정으로 인하여 상품권의 사용이 불가능할 경우, 발행수탁사에서 예치한 지
급보증에 따라 해당 상품권에 대한 지급을 이행한다.

제16조(기타)
이 약관에 명시되지 않은 사항 또는 약관 해석상 다툼이 있는 경우에는 고객과 발행자 
등의 합의에 의하여 결정한다. 다만, 합의가 이루어지지 않은 경우에는 발행수탁사의
 전자금융거래 이용약관 을 우선하여 적용하고, 위 약관에도 정함이 없는 경우  약
관의 규제에 관한 법률 , 전자상거래 등에서의 소비자 보호에 관한 법률 , 전자금
융거래법 ,  전기통신기본법  ,  전기통신사업법 ,  여신전문금융법 등 관계법령 
및 거래관행에 따른다.


		]]>
		</cn>
	</file>
</root>