{
    "clauseField": "4",
    "ftcCnclsns": "2",
    "clauseArticle": [
        "제11조(신탁사무 처리비용의 조달)\n수탁자는 신탁계약에 의하여 사업을 진행함에 있어 일체의 신탁사무처리비용의 조달의무를 부담하지 않는다."
    ],
    "dvAntageous": "1",
    "comProvision": [
        "제11조(신탁사무 처리비용의 조달)\n수탁자는 신탁계약에 의하여 사업을 진행함에 있어 일체의 신탁사무처리비용의 조달의무를 부담하지 않는다."
    ]
}