{
    "clauseField": "24",
    "ftcCnclsns": "2",
    "clauseArticle": [
        "제2조(개인정보의 처리 및 보유기간) \n① 협회는 법령에 따른 개인정보 보유․이용기간 또는 정보주체로부터 개인정보를 수집시에 동의받은 개인정보 보유,이용기간 내에서 개인정보를 처리,보유합니다."
    ],
    "dvAntageous": "1",
    "comProvision": [
        "제2조(개인정보의 처리 및 보유기간) ① ＜개인정보처리자명＞은(는) 법령에 따른 개인정보 보유•이용기간 또는 정보주체로부터 개인정보를 수집 시에 동의받은 개인정보 보유•이용기간 내에서 개인정보를 처리•보유합니다."
    ]
}