{
    "clauseField": "14",
    "ftcCnclsns": "2",
    "clauseArticle": [
        "회사는 피보험자에게 다음 중 어느 하나의 사유가 발생한 경우에는 보험수익자에게 약정한 보험금을 지급합니다.\n1. 보험기간 중에 상해의 직접결과로써 사망한 경우(질병으로 인한 사망은 제외합니다). 사망보험금"
    ],
    "dvAntageous": "1",
    "comProvision": [
        "제3조(보험금의 지급사유) \n회사는 피보험자에게 다음 중 어느 하나의 사유가 발생한 경우에는 보험수익자에게 약정한 보험금을 지급합니다.\n1. 보험기간 중에 상해의 직접결과로써 사망한 경우(질병으로 인한 사망은 제외합니다). 사망보험금"
    ]
}