{
    "clauseField": "19",
    "ftcCnclsns": "2",
    "clauseArticle": [
        "제2조(적용원칙) \n을이 주식의 위탁판매업무를 수행함에 있어서는 관련법령에 위배되지 않는 한 본 계약이 적용되며, 관련법령이 변경되거나 갑의 정관이 변경되는 경우에는 갑 과 을이 합의하여 본 계약을 변경할 수 있다."
    ],
    "dvAntageous": "1",
    "comProvision": [
        "제2조(적용원칙) \n을이 주식의 위탁판매업무를 수행함에 있어서는 관련법령에 위배되지 않는 한 본 계약이 적용되며, 관련법령이 변경되거나 갑의 정관이 변경되는 경우에는 갑 과 을이 합의하여 본 계약을 변경할 수 있다."
    ]
}