{
    "clauseField": "20",
    "ftcCnclsns": "2",
    "clauseArticle": [
        "제3조(위탁의 방법 등)\n② 회사는 고객이 제1항의 방법으로 거래를 위탁하고자 하는 경우 고객본인임을 확인할 수 있는 방법에 의하여야 한다."
    ],
    "dvAntageous": "1",
    "comProvision": [
        "제3조(위탁의 방법 등)\n② 회사는 고객이 제1항의 방법으로 거래를 위탁하고자 하는 경우 고객본인임을 확인할 수 있는 방법에 의하여야 한다."
    ]
}