{
    "clauseField": "27",
    "ftcCnclsns": "2",
    "clauseArticle": [
        "제3조 (회원가입)\n① 회원이 되려고 하는 사람은 결혼관련 개인정보를 회사에 제공한 후 회사가 정한 가입절차에 따라 회원가입을 신청합니다."
    ],
    "dvAntageous": "1",
    "comProvision": [
        "제3조 (회원가입)\n① 회원이 되려고 하는 사람은 결혼관련 개인정보를 회사에 제공한 후 회사가 정한 가입절차에 따라 회원가입을 신청합니다"
    ]
}