{
    "clauseField": "23",
    "ftcCnclsns": "2",
    "clauseArticle": [
        "제1조(목적)\n이 약관은 이사화물(이삿짐)의 운송을 취급하는 사업자(이하 사업자라 합니다)와 이사화물(이삿짐)의 운송을 의뢰하는 고객간의 이사화물의 운송 및 이에 부대 하는 포장, 보관, 정리 등에 관한 계약사항을 정함을 목적으로 합니다."
    ],
    "dvAntageous": "1",
    "comProvision": [
        "제1조(목적) \n이 약관은 이사화물(이삿짐)의 운송을 취급하는 사업자(이하 사업자라 합니다)와 이사화물(이삿짐)의 운송을 의뢰하는 고객간의 이사화물의 운송 및 이에 부대 하는 포장, 보관, 정리 등에 관한 계약사항을 정함을 목적으로 합니다."
    ]
}