{
    "clauseField": "30",
    "ftcCnclsns": "2",
    "clauseArticle": [
        "제2조(보증금액)\n① 이 보증서에 의한 보증금액은 채권자의 채무자에 대한 보증부대출 예정금액에 보증비율을 곱한 금액으로 한다."
    ],
    "dvAntageous": "1",
    "comProvision": [
        "제2조(보증금액)\n ① 이 보증서에 의한 보증금액은 채권자의 채무자에 대한 보증부대출 예정금액에 보증비율을 곱한 금액으로 합니다."
    ]
}