{
    "clauseField": "14",
    "ftcCnclsns": "2",
    "clauseArticle": [
        "회사는 피보험자에게 다음 중 어느 하나의 사유가 발생한 경우에는 보험수익자에게 약정한 보험금을 지급합니다.\n2. 보험기간 중 진단확정된 질병 또는 상해로 장해분류표에서 정한 각 장해지급률에 해당하는 장해상태가 되었을 때. 후유장해보험금"
    ],
    "dvAntageous": "1",
    "comProvision": [
        "제3조(보험금의 지급사유) \n회사는 피보험자에게 다음 중 어느 하나의 사유가 발생한 경우에는 보험수익자에게 약정한 보험금을 지급합니다.\n2. 보험기간 중 진단확정된 질병 또는 상해로 장해분류표(부표 9 참조)에서 정한 각 장해지급률에 해당하는 장해상태가 되었을 때. 후유장해보험금"
    ]
}