{
    "clauseField": "18",
    "ftcCnclsns": "2",
    "clauseArticle": [
        "제4조(보상하지 않는 손해) \n회사는 아래의 사유로 인한 손해는 보상하여 드리지 않습니다.\n2. 화재 시 발생한 도난 또는 분실로 생긴 손해"
    ],
    "dvAntageous": "1",
    "comProvision": [
        "제4조(보상하지 않는 손해) \n회사는 아래의 사유로 인한 손해는 보상하여 드리지 않습니다.\n2. 화재가 발생했을 때 생긴 도난 또는 분실로 생긴 손해"
    ]
}