{
    "clauseField": "40",
    "ftcCnclsns": "2",
    "clauseArticle": [
        "제19조(사고증명서의 발행)\n회사는 운송 중에 발생한 운송물의 멸실, 훼손 또는 연착에 대하여 고객(송화인)의 청구가 있으면 그 발생한 날로부터 24개월에 한하여 사고증명서를 발행합니다."
    ],
    "dvAntageous": "1",
    "comProvision": [
        "사업자는 운송 중에 발생한 운송물의 멸실, 훼손 또는 연착에 대하여 고객(송화인)의 청구가 있으면 그 발생한 날로부터 1년에 한하여 사고증명서를 발행합니다."
    ]
}