{
    "clauseField": "31",
    "ftcCnclsns": "2",
    "clauseArticle": [
        "제3조 (약관 등의 명시와 설명 및 개정)\n① 몰은 이 약관의 내용과 상호 및 대표자 성명, 영업소 소재지 주소(소비자의 불만을 처리할 수 있는 곳의 주소를 포함), 전화번호, 모사전송번호, 전자우편주소, 사업자등록번호, 통신판매업 신고번호, 개인정보관리책임자등을 이용자가 쉽게 알 수 있도록 00 사이버몰의 초기 서비스화면(전면)에 게시해야 한다. 다만, 약관의 내용은 이용자가 연결화면을 통하여 볼 수 있도록 할 수 있다."
    ],
    "dvAntageous": "1",
    "comProvision": [
        "제3조 (약관 등의 명시와 설명 및 개정)\n① 몰은 이 약관의 내용과 상호 및 대표자 성명, 영업소 소재지 주소(소비자의 불만을 처리할 수 있는 곳의 주소를 포함), 전화번호, 모사전송번호, 전자우편주소, 사업자등록번호, 통신판매업 신고번호, 개인정보관리책임자등을 이용자가 쉽게 알 수 있도록 00 사이버몰의 초기 서비스화면(전면)에 게시합니다. 다만, 약관의 내용은 이용자가 연결화면을 통하여 볼 수 있도록 할 수 있습니다."
    ]
}