{
    "clauseField": "21",
    "ftcCnclsns": "2",
    "clauseArticle": [
        "제18조 (분쟁조정)\n고객은 회사와 분쟁이 발생하는 경우 회사의 민원처리기구에 그 해결을 요구하거나 금융감독원, 협회 등에 분쟁조정을 신청할 수 있습니다."
    ],
    "dvAntageous": "1",
    "comProvision": [
        "제18조 (분쟁조정) \n고객은 회사와 분쟁이 발생하는 경우 회사의 민원처리기구에 그 해결을 요구하거나 금융감독원, 협회 등에 분쟁조정을 신청할 수 있다."
    ]
}