{
    "clauseField": "15",
    "ftcCnclsns": "2",
    "clauseArticle": [
        "제3조(보험금의 지급사유)\n회사는 피보험자에게 다음 사항 중 어느 하나의 사유가 발생한 경우에는 보험수익자에게 약정한 보험금((별표 1) 보험금 지급기준표 참조)을 지급합니다.\n1. 연금개시 전 보험기간 중 장해분류표(별표 3 참조) 중 동일한 재해를 원인으로 여러 신 체부위의 장해지급률을 더하여 60퍼센트이상인 장해상태가 되었을 때(최초 1회한) : 고도재 해장해보험금"
    ],
    "dvAntageous": "1",
    "comProvision": [
        "제3조(보험금의 지급사유)\n회사는 피보험자에게 다음 사항 중 어느 하나의 사유가 발생한 경우에는 보험수익자에게 약정한 보험금((별표 1) 보험금 지급기준표 참조)을 지급합니다.\n1. 연금개시 전 보험기간 중 장해분류표(별표 3 참조) 중 동일한 재해를 원인으로 여러 신 체부위의 장해지급률을 더하여 80퍼센트이상인 장해상태가 되었을 때(최초 1회한)   고도재 해장해보험금"
    ]
}