{
    "clauseField": "18",
    "ftcCnclsns": "2",
    "clauseArticle": [
        "제4조(보상하지 않는 손해) \n회사는 아래의 사유로 인한 손해는 보상하여 드리지 않습니다.\n3. 보험의 목적의 발효, 자연발열, 자연발화로 생긴 손해. 그러나, 자연발열 또는 자연발화로 연소된 다른 보험의 목적에 의해 발생한 손해는 보상하여 드립니다."
    ],
    "dvAntageous": "1",
    "comProvision": [
        "제4조(보상하지 않는 손해) \n회사는 아래의 사유로 인한 손해는 보상하여 드리지 않습니다.\n3. 보험의 목적의 발효, 자연발열, 자연발화로 생긴 손해. 그러나, 자연발열 또는 자연발화로 연소된 다른 보험의 목적에 생긴 손해는 보상하여 드립니다."
    ]
}