{
    "clauseField": "14",
    "ftcCnclsns": "2",
    "clauseArticle": [
        "회사는 피보험자에게 다음 중 어느 하나의 사유가 발생한 경우에는 보험수익자에게 약정한 보험금을 지급합니다.\n3. 보험기간 중 진단확정된 질병 또는 상해로 입원, 통원, 요양, 수술 또는 수발(간병)이 필요한 상태가 되었을 때. 입원보험금, 간병보험금 등"
    ],
    "dvAntageous": "1",
    "comProvision": [
        "제3조(보험금의 지급사유) \n회사는 피보험자에게 다음 중 어느 하나의 사유가 발생한 경우에는 보험수익자에게 약정한 보험금을 지급합니다.\n3. 보험기간 중 진단확정된 질병 또는 상해로 입원, 통원, 요양, 수술 또는 간병이 필요한 상태가 되었을 때. 입원보험금, 간병보험금 등"
    ]
}