{
    "clauseField": "11",
    "ftcCnclsns": "2",
    "clauseArticle": [
        "제4조(이용시간 등) \n② 회사는 제1항에 따른 이용시간을 영업점과 전자적 장치에 게시하며, 이를 변경하고자 하는 경우 고객이 확인할 수 있도록 변경 예정일 ( 30 )일 전부터 ( 3 )월 이상 영업점에 마련해 두고 전자적 장치를 통해 게시한다.  다만, 시스템 장애복구, 프로그램의 긴급한 보수, 외부요인 등으로 인하여 이용시간이 변경된 경우에는 최대한 빨리 영업점에 마련해 두거나 전자적 장치를 통해 게시해야 한다."
    ],
    "dvAntageous": "1",
    "comProvision": [
        "제4조(이용시간 등) \n② 회사는 제1항에 따른 이용시간을 영업점과 전자적 장치에 게시하며, 이를 변경하고자 하는 경우 고객이 확인할 수 있도록 변경 예정일 ( )일 ( )월 전부터 ( )일 ( )월 이상 영업점에 마련해 두고 전자적 장치를 통해 게시한다.  다만, 시스템 장애복구, 프로그램의 긴급한 보수, 외부요인 등으로 인하여 이용시간이 변경된 경우에는 이를 미리 영업점에 마련해 두거나 전자적 장치를 통해 게시하지 아니할 수 있다."
    ]
}