{
    "clauseField": "32",
    "ftcCnclsns": "2",
    "clauseArticle": [
        "제14조 (시설물의 이용)\n① 이용자는 사업자의 시설물에 대하여 그 본래의 용도로 사용해야 하며, 이용자가 고의 또는 과실로 사업자의 시설물을 멸실 또는 훼손한 경우에는 이용자가 원상회복 해야 한다"
    ],
    "dvAntageous": "1",
    "comProvision": [
        "제14조 (시설물의 이용) \n① 이용자는 사업자의 시설물에 대하여 그 본래의 용도로 사용해야 하며, 이용자가 고의 또는 과실로 사업자의 시설물을 멸실 또는 훼손한 경우에는 이용자가 원상회복 합니다."
    ]
}