{
    "clauseField": "19",
    "ftcCnclsns": "2",
    "clauseArticle": [
        "제5조(갑의 보증사항)\n1. 갑은 관련법령에 의하여 유효하게 설립되어 존재하는 증권투자회사로서 존립과 영업에 필요한 인허가, 등록, 신고등의 절차를 완료하였다."
    ],
    "dvAntageous": "1",
    "comProvision": [
        "제5조(갑의 보증사항)\n1. 갑은 관련법령에 의하여 유효하게 설립되어 존재하는 증권투자회사로서 존립과 영업에 필요한 인허가, 등록, 신고등의 절차를 완료하였다."
    ]
}