{
    "clauseField": "24",
    "ftcCnclsns": "2",
    "clauseArticle": [
        "제4조(개인정보처리의 위탁) \n③ 위탁업무의 내용이나 수탁자가 변경될 경우에는 지체없이 본 개인정보 처리방침을 통하여 공개하도록 하겠습니다"
    ],
    "dvAntageous": "1",
    "comProvision": [
        "제4조（개인정보처리의 위탁）\n③ 위탁업무의 내용이나 수탁자가 변경될 경우에는 지체없이 본 개인정보 처리\n방침을 통하여 공개하도록 하겠습니다."
    ]
}