{
    "clauseField": "30",
    "ftcCnclsns": "2",
    "clauseArticle": [
        "제2조(보증금액)\n② 채권자가 이 보증서 상의 보증부대출 예정금액 이하로 대출하는 경우의 보증금액은 별도의 통지가 없더라도 보증부대출금액에 보증비율을 곱하여 산출한 금액으로 자동 축소됩니다."
    ],
    "dvAntageous": "1",
    "comProvision": [
        "제2조(보증금액)\n  ② 채권자가 이 보증서 상의 보증부대출 예정금액 이하로 대출하는 경우의 보증금액은 별도의 통지가 없더라도 보증부대출금액에 보증비율을 곱하여 산출한 금액으로 자동 축소됩니다."
    ]
}