{
    "clauseField": "16",
    "ftcCnclsns": "2",
    "clauseArticle": [
        "제5조(보상하지 않는 손해) \n보험계약자 또는 피보험자의 고의로 인한 손해는 대인배상Ⅰ에서 보상하지 않습니다. 다만, 자동차손해배상보장법 제10조의 규정에 따라 피해자가 보험회사에 직접청구를 한 경우, 보험회사는 자동차손해배상보장법령에서 정한 금액을 한도로 피해자에게 손해배상금을 지급한 다음 지급한 날부터 6개월 이내에 고의로 사고를 일으킨 보험계약자나 피보험자에게 그 금액의 지급을 청구합니다."
    ],
    "dvAntageous": "1",
    "comProvision": [
        "제5조(보상하지 않는 손해) \n보험계약자 또는 피보험자의 고의로 인한 손해는 대인배상Ⅰ에서 보상하지 않습니다. 다만, 자동차손해배상보장법 제10조의 규정에 따라 피해자가 보험회사에 직접청구를 한 경우, 보험회사는 자동차손해배상보장법령에서 정한 금액을 한도로 피해자에게 손해배상금을 지급한 다음 지급한 날부터 3년 이내에 고의로 사고를 일으킨 보험계약자나 피보험자에게 그 금액의 지급을 청구합니다."
    ]
}