{
    "clauseField": "27",
    "ftcCnclsns": "2",
    "clauseArticle": [
        "제3조 (회원가입)\n② 회사는 제1항과 같이 회원가입을 신청한 자 중 다음 각 호의 사항에 대한 심사를 실시하여 그 적격여부를 판단해야한다."
    ],
    "dvAntageous": "1",
    "comProvision": [
        "제3조 (회원가입)\n② 회사는 제1항과 같이 회원가입을 신청한 자 중 다음 각 호의 사항에 대한 심사를 실시하여 그 적격여부를 판단합니다."
    ]
}