{
    "clauseField": "20",
    "ftcCnclsns": "2",
    "clauseArticle": [
        "제3조(위탁의 방법 등)\n③ 회사는 고객의 주문내용에 대하여 서면확인, 녹음 기타의 방법으로 그 내용을  확인할 수 있는 자료를 관계법규에서 정하는 바에 따라 보관․유지하여야 합니다."
    ],
    "dvAntageous": "1",
    "comProvision": [
        "제3조(위탁의 방법 등) \n③ 회사는 고객의 주문내용에 대하여 서면확인, 녹음 기타의 방법으로 그 내용을  확인할 수 있는 자료를 관계법규에서 정하는 바에 따라 보관․유지하여야 한다."
    ]
}