{
    "clauseField": "15",
    "ftcCnclsns": "2",
    "clauseArticle": [
        "제4조(보험금 지급에 관한 세부규정)\n① 제3조(보험금의 지급사유) 제1호에서 장해지급률이 재해일부터 180일 이내에 확정되지 않는 경우에는 재해일부터 180일이 되는 날의 의사 진단에 기초하여 고정될 것으로 인정되는 상태를 장해지급률로 결정합니다. 다만, 장해분류표(별표 3 참조)에 장해판정 시기를 별도로 정한 경우에는 그에 따릅니다."
    ],
    "dvAntageous": "1",
    "comProvision": [
        "제4조(보험금 지급에 관한 세부규정)\n① 제3조(보험금의 지급사유) 제1호에서 장해지급률이 재해일부터 180일 이내에 확정되 지 않는 경우에는 재해일부터 180일이 되는 날의 의사 진단에 기초하여 고정될 것으로 인정되는 상태를 장해지급률로 결정합니다. 다만, 장해분류표(별표 3 참조)에 장해판정 시기를 별도로 정한 경우에는 그에 따릅니다."
    ]
}