{
    "clauseField": "31",
    "ftcCnclsns": "2",
    "clauseArticle": [
        "제3조 (약관 등의 명시와 설명 및 개정)\n③ 몰은 전자상거래 등에서의 소비자보호에 관한 법률, 약관의 규제에 관한 법률, 전자문서 및 전자거래기본법, 전자금융거래법, 전자서명법, 정보통신망 이용촉진 및 정보보호 등에 관한 법률, 방문판매 등에 관한 법률, 소비자기본법 등 관련 법을 위배하지 않는 범위에서 이 약관을 개정할 수 있다."
    ],
    "dvAntageous": "1",
    "comProvision": [
        "제3조 (약관 등의 명시와 설명 및 개정)\n③ 몰은 전자상거래 등에서의 소비자보호에 관한 법률, 약관의 규제에 관한 법률, 전자문서 및 전자거래기본법, 전자금융거래법, 전자서명법, 정보통신망 이용촉진 및 정보보호 등에 관한 법률, 방문판매 등에 관한 법률, 소비자기본법 등 관련 법을 위배하지 않는 범위에서 이 약관을 개정할 수 있습니다."
    ]
}