{
    "clauseField": "24",
    "ftcCnclsns": "2",
    "clauseArticle": [
        "제5조(정보주체의 권리․의무 및 행사방법) \n① 정보주체는 협회에 대해 언제든지 다음 각 호의 개인정보 보호 관련 권리를 행사할 수 있습니다."
    ],
    "dvAntageous": "1",
    "comProvision": [
        "제5조（정보주체와 법정대리인의 권리의무 및 행사방법） ① 정보주체는 ＜개인정보\n처리자명＞에 대해 언제든지 개인정보 열람정정.삭제처리정지 요구 등의 권리를\n행사할 수 있습니다."
    ]
}