{
    "clauseField": "19",
    "ftcCnclsns": "2",
    "clauseArticle": [
        "제5조(갑의 보증사항)\n2. 갑은 갑이 발행한 수표 또는 어음이 부도처리되거나 회사정리 또는 화의의 신청 또는 절차가 진행중에 있지 아니하며 은행 또는 다른 금융기관과의 거래가 중지된 상태에 있지 않다."
    ],
    "dvAntageous": "1",
    "comProvision": [
        "제5조(갑의 보증사항)\n2. 갑은 갑이 발행한 수표 또는 어음이 부도처리되거나 회사정리 또는 화의의 신청 또는 절차가 진행중에 있지 아니하며 은행 또는 다른 금융기관과의 거래가 중지된 상태에 있지 않다."
    ]
}