{
    "clauseField": "20",
    "ftcCnclsns": "2",
    "clauseArticle": [
        "제3조(위탁의 방법 등)\n① 고객은 회사로부터 사전에 안내받은 상품명세에 따라 해외선물거래의 종목, 가격, 수량 등을 정하여 다음 각 호의 방법으로 거래를 위탁한다."
    ],
    "dvAntageous": "1",
    "comProvision": [
        "제3조(위탁의 방법 등) ① 고객은 회사로부터 사전에 안내받은 상품명세에 따라 해외선물거래의 종목, 가격, 수량 등을 정하여 다음 각 호의 방법으로 거래를 위탁한다."
    ]
}