{
    "clauseField": "32",
    "ftcCnclsns": "2",
    "clauseArticle": [
        "14조 (시설물의 이용)\n② 이용자가 원상회복을 할 수 없는 경우에는 사업자는 시설물의 잔존가치 등을 고려하여 실비로 산출한 비용을 문서로 제시하고, 이용자는 이에 따라 실비를 지급해야 합니다."
    ],
    "dvAntageous": "1",
    "comProvision": [
        "14조 (시설물의 이용) \n② 이용자가 원상회복을 할 수 없는 경우에는 사업자는 시설물의 잔존가치 등을 고려하여 실비로 산출한 비용을 문서로 제시하고, 이용자는 이에 따라 실비를 지급합니다."
    ]
}