{
    "clauseField": "21",
    "ftcCnclsns": "2",
    "clauseArticle": [
        "제1조 (약관의 적용)\n① 이 약관은 고객과 OO증권 주식회사(이하 회사라 한다)간의 투자일임 계약(이하 계약이라 한다)을 체결함에 있어 필요한 사항을 정함을 목적으로 한다."
    ],
    "dvAntageous": "1",
    "comProvision": [
        "제1조 (약관의 적용) \n① 이 약관은 고객과 OO증권 주식회사(이하 회사라 한다)간의 투자일임 계약(이하 계약이라 한다)을 체결함에 있어 필요한 사항을 정함을 목적으로 한다."
    ]
}