{
    "clauseField": "4",
    "ftcCnclsns": "2",
    "clauseArticle": [
        "제24조 （신탁해지）\n② 법률 규정의 개폐 등 제도의 변경, 경제사정의 변화, 피분양자로의 소유권이전, 그 밖의 상당한 사유에 의하여 신탁의 목적달성 또는 신탁사무의 수행이 불가능하거나 현저히 곤란한 때에는 수탁자는 수익자, 우선수익자（수익권에 질권을 설정한 질권자 포함）와 협의하여 이 신탁계약을 해지할 수 있고, 이 경우 수탁자는 그 책임을 부담하지 않는다."
    ],
    "dvAntageous": "1",
    "comProvision": [
        "제24조 （신탁해지） \n② 법률 규정의 개폐 등 제도의 변경, 경제사정의 변화, 피분양자로의 소유권이전, 그 밖의 상당한 사유에 의하여 신탁의 목적달성 또는 신탁사무의 수행이 불가능하거나 현저히 곤란한 때에는 수탁자는 수익자, 우선수익자（수익권에 질권을 설정한 질권자 포함）와 협의하여 이 신탁계약을 해지할 수 있고, 이 경우 수탁자는 그 책임을 부담하지 아니한다."
    ]
}