{
    "clauseField": "24",
    "ftcCnclsns": "2",
    "clauseArticle": [
        "제7조(개인정보의 파기) \n① 협회는 개인정보 보유기간의 경과, 처리목적 달성 등 개인정보가 불필요하게 되었을 때에는 지체없이 해당 개인정보를 파기합니다."
    ],
    "dvAntageous": "1",
    "comProvision": [
        "제7조（개인정보의 파기） ① ＜개인정보처리자명＞ 은（는） 개인정보 보유기간의 경\n과, 처리목적 달성 등 개인정보가 불필요하게 되었을 때에는 지체없이 해당\n개인정보를 파기합니다."
    ]
}