{
    "clauseField": "27",
    "ftcCnclsns": "2",
    "clauseArticle": [
        "제4조 (계약서․약관의 명시,교부 등)\n① 회사는 계약 체결시 이 약관의 내용을 회원으로 가입하려는 자에게 설명하고, 계약서와 함께 이 약관을 교부해야 합니다."
    ],
    "dvAntageous": "1",
    "comProvision": [
        "제4조 (계약서․약관의 명시,교부 등)\n① 회사는 계약 체결시 이 약관의 내용을 회원으로 가입하려는 자에게 설명하고, 계약서와 함께 이 약관을 교부해야 합니다."
    ]
}