{
    "clauseField": "30",
    "ftcCnclsns": "2",
    "clauseArticle": [
        "제3조(보증의 효력발생 및 보증책임)\n④ 제1항 제2호에 의한 승인통지는 전신통지 또는 배달증명부 내용증명우편에 의하여야 하며, 우편에 의하는 경우 동 우편물의 우체국 소인일자를 승인통지일로 봅니다."
    ],
    "dvAntageous": "1",
    "comProvision": [
        "제3조(보증의 효력발생 및 보증책임) \n④ 제1항 제2호에 의한 승인통지는 전신통지 또는 배달증명부 내용증명우편에 의하여야 하며, 우편에 의하는 경우 동 우편물의 우체국 소인일자를 승인통지일로 봅니다."
    ]
}