{
    "clauseField": "23",
    "ftcCnclsns": "2",
    "clauseArticle": [
        "제2조(용어의 정의)\n① 이 약관에서 포장이라 함은 발송장소에서 운송을 위하여 이사화물을 싸고 꾸리는 것을 말하고, 보관이라 함은 발송장소와 도착장소가 아닌 사업자의 창고 등과 같은 제3의 장소에서 이사화물을 적재하고 보존하는 것을 말하며, 정리라 함은 도착장소에서 이사화물을 풀어서 고객의 의사에 따라 배치하고 정돈하는 것을 말합니다."
    ],
    "dvAntageous": "1",
    "comProvision": [
        "제2조(용어의 정의)\n  ① 이 약관에서 포장이라 함은 발송장소에서 운송을 위하여 이사화물을 싸고 꾸리는 것을 말하고, 보관이라 함은 발송장소와 도착장소가 아닌 사업자의 창고 등과 같은 제3의 장소에서 이사화물을 적재하고 보존하는 것을 말하며, 정리라 함은 도착장소에서 이사화물을 풀어서 고객의 의사에 따라 배치하고 정돈하는 것을 말합니다."
    ]
}