{
    "clauseField": "11",
    "ftcCnclsns": "2",
    "clauseArticle": [
        "제6조(거래내용의 확인)\n③ 고객은 거래내용을 서면(전자문서를 제외한다. 이하 이 조에서 같다)으로 제공하여 줄 것을 회사에 요청할 수 있으며, 회사는 그 요청을 받은 날로부터 3주 이내에 거래내용에 관한 서면을 내준다. 이 경우 거래내용의 서면 제공과 관련한 요청방법․절차, 접수창구의 주소(전자우편주소를 포함한다) 및 전화번호 등은 개별약관에서 정한 바에 따른다. "
    ],
    "dvAntageous": "1",
    "comProvision": [
        "제6조(거래내용의 확인)\n③ 고객은 거래내용을 서면(전자문서를 제외한다. 이하 이 조에서 같다)으로 제공하여 줄 것을 회사에 요청할 수 있으며, 회사는 그 요청을 받은 날로부터 2주 이내에 거래내용에 관한 서면을 내준다. 이 경우 거래내용의 서면 제공과 관련한 요청방법․절차, 접수창구의 주소(전자우편주소를 포함한다) 및 전화번호 등은 개별약관에서 정한 바에 따른다."
    ]
}