{
    "clauseField": "31",
    "ftcCnclsns": "2",
    "clauseArticle": [
        "제3조 (약관 등의 명시와 설명 및 개정)\n⑤  몰 이 약관을 개정할 경우에는 그 개정약관은 그 적용일자 이후에 체결되는 계약에만 적용되고 그 이전에 이미 체결된 계약에 대해서는 개정 전의 약관조항이 그대로 적용됩니다. 다만 이미 계약을 체결한 이용자가 개정약관 조항의 적용을 받기를 원하는 뜻을 제3항에 의한 개정약관의 공지기간 내에  몰 에 송신하여  몰 의 동의를 받은 경우에는 개정약관 조항이 적용된다."
    ],
    "dvAntageous": "1",
    "comProvision": [
        "제3조 (약관 등의 명시와 설명 및 개정)\n⑤ 몰이 약관을 개정할 경우에는 그 개정약관은 그 적용일자 이후에 체결되는 계약에만 적용되고 그 이전에 이미 체결된 계약에 대해서는 개정 전의 약관조항이 그대로 적용됩니다. 다만 이미 계약을 체결한 이용자가 개정약관 조항의 적용을 받기를 원하는 뜻을 제3항에 의한 개정약관의 공지기간 내에 몰에 송신하여 몰의 동의를 받은 경우에는 개정약관 조항이 적용됩니다."
    ]
}