{
    "clauseField": "22",
    "ftcCnclsns": "2",
    "clauseArticle": [
        "제18조 (여객의 책임)\n① 여객의 고의 또는 과실로 사업자의 버스나 승무원 또는 기타 제3자에 대하여 재산상 또는 신체상 손해를 입혔을 경우에는 여객이 이를 배상할 책임을 진다. 다만, 경우에 따라 사업자도 같이 책임을 진다."
    ],
    "dvAntageous": "1",
    "comProvision": [
        "제18조 (여객의 책임)\n① 여객의 고의 또는 과실로 사업자의 버스나 승무원 또는 기타 제3자에 대하여 재산상 또는 신체상 손해를 입혔을 경우에는 여객이 이를 배상할 책임을 진다."
    ]
}