{
    "clauseField": "24",
    "ftcCnclsns": "2",
    "clauseArticle": [
        "자동 수집하는 개인정보\n온라인 회원가입, 본인확인(I,PIN, 휴대폰 인증 등) 시 성별, 생년월일, 서비스 이용기록, 접속로그, 쿠키, 접속 IP정보, 이용정지기록 등이 자동 수집 될 수 있습니다. 단, 쿠키의 수집 여부는 사용자 개인의 설정에 의하여 거부 할 수도 있습니다.\n(쿠키 설정 방법 웹 브라우저 도구 인터넷옵션 개인정보 고급 쿠키 허용여부 선택)",
        "ㅁ 쿠키는 웹사이트가 사용자의 컴퓨터 브라우저로 전송하는 소량의 정보로, 컴퓨터는 식별하지만 사용자를 개인적으로 식별하지는 않습니다."
    ],
    "dvAntageous": "1",
    "comProvision": [
        "＜자동 수집 장치를 설치•운영하는 경우＞\n제9조(개인정보 자동 수집 장치의 설치•운영 및 거부에 관한 사항) ① ＜개인정보\n처리자명＞은(는) 이용자에게 개별적인 맞춤서비스를 제공하기 위해 이용정보를\n저장하고 수시로 불러오는 쿠키(cookie) 를 사용합니다. "
    ]
}