{
    "clauseField": "16",
    "ftcCnclsns": "2",
    "clauseArticle": [
        "제8조(보상하지 않는 손해) \n③ 다음 중 어느 하나에 해당하는 손해는 대물배상에서 보상하지 않습니다.\n2. 피보험자가 사용자의 업무에 종사하고 있을 때 피보험자의 사용자가 소유, 사용, 관리하는 재물에 생긴 손해"
    ],
    "dvAntageous": "1",
    "comProvision": [
        "제8조(보상하지 않는 손해)   \n③ 다음 중 어느 하나에 해당하는 손해는 대물배상에서 보상하지 않습니다.\n  2. 피보험자가 사용자의 업무에 종사하고 있을 때 피보험자의 사용자가 소유, 사용, 관리하는 재물에 생긴 손해"
    ]
}