{
    "clauseField": "17",
    "ftcCnclsns": "2",
    "clauseArticle": [
        "제7조(보험금의 지급절차) \n② 회사는 제1항의 지급보험금이 결정된 후 7일(이하  지급기일 이라 합니다)이 지나도록 보험금을 지급하지 않았을 때에는 지급기일의 다음날부터 지급일까지의 기간에 대하여  부표   보험금을 지급할 때의 적립이율 에 따라 연단위 복리로 계산한 금액을 보험금에 더하여 지급합니다. 그러나 피보험자의 책임있는 사유로 지체된 경우에는 그 해당기간에 대한 이자를 더하여 지급하지 않습니다."
    ],
    "dvAntageous": "1",
    "comProvision": [
        "제7조(보험금의 지급절차) \n② 회사는 제1항의 지급보험금이 결정된 후 7일(이하  지급기일 이라 합니다)이 지나도록 보험금을 지급하지 않았을 때에는 지급기일의 다음날부터 지급일까지의 기간에 대하여  부표   보험금을 지급할 때의 적립이율 에 따라 연단위 복리로 계산한 금액을 보험금에 더하여 지급합니다. 그러나 피보험자의 책임있는 사유로 지체된 경우에는 그 해당기간에 대한 이자를 더하여 지급하지 않습니다."
    ]
}