{
    "clauseField": "18",
    "ftcCnclsns": "2",
    "clauseArticle": [
        "제4조(보상하지 않는 손해)\n회사는 아래의 사유로 인한 손해는 보상하여 드리지 않습니다.\n7. 핵연료물질에 의하여 오염된 물질의 방사성, 폭발성 그 밖의 유해한 특성 또는 이들의 특성에 의한 사고로 인한 손해"
    ],
    "dvAntageous": "1",
    "comProvision": [
        "제4조(보상하지 않는 손해) 회사는 아래의 사유로 인한 손해는 보상하여 드리지 않습니다.\n7. 핵연료물질 또는 핵연료 물질에 의하여 오염된 물질의 방사성, 폭발성 그 밖의 유해한 특성 또는 이들의 특성에 의한 사고로 인한 손해"
    ]
}