{
    "clauseField": "16",
    "ftcCnclsns": "2",
    "clauseArticle": [
        "제8조(보상하지 않는 손해) \n③ 다음 중 어느 하나에 해당하는 손해는 대물배상에서 보상하지 않습니다.\n3. 피보험자동차에 싣고 있거나 운송중인 물품에 생긴 손해"
    ],
    "dvAntageous": "1",
    "comProvision": [
        "제8조(보상하지 않는 손해)   \n③ 다음 중 어느 하나에 해당하는 손해는 대물배상에서 보상하지 않습니다.\n  3. 피보험자동차에 싣고 있거나 운송중인 물품에 생긴 손해"
    ]
}