{
    "clauseField": "30",
    "ftcCnclsns": "2",
    "clauseArticle": [
        "제3조(보증의 효력발생 및 보증책임)\n⑤ 공사는 채권자가 법시행규칙 제3조 제3항에 의하여 설치된 주택자금대출계정으로 취급한 경우에만 보증책임을 부담합니다."
    ],
    "dvAntageous": "1",
    "comProvision": [
        "제3조(보증의 효력발생 및 보증책임) \n⑤ 공사는 채권자가 법시행규칙 제3조 제3항에 의하여 설치된 주택자금대출계정으로 취급한 경우에만 보증책임을 부담합니다."
    ]
}