{
    "clauseField": "14",
    "ftcCnclsns": "2",
    "clauseArticle": [
        "①회사는 다음 중 어느 한가지로 보험금 지급사유가 발생한 때에는 보험금을 지급하지 않습니다.\n4. 피보험자의 임신, 출산(제왕절개를 포함), 산후기. 그러나, 회사가 보장하는 보험금 지급사유로 인한 경우에는 보험금을 지급합니다."
    ],
    "dvAntageous": "1",
    "comProvision": [
        "제5조(보험금을 지급하지 않는 사유) \n①회사는 다음 중 어느 한가지로 보험금 지급사유가 발생한 때에는 보험금을 지급하지 않습니다.\n4. 피보험자의 임신, 출산(제왕절개를 포함합니다), 산후기. 그러나, 회사가 보장하는 보험금 지급사유로 인한 경우에는 보험금을 지급합니다."
    ]
}