{
    "clauseField": "14",
    "ftcCnclsns": "2",
    "clauseArticle": [
        "①회사는 다음 중 어느 한가지로 보험금 지급사유가 발생한 때에는 보험금을 지급하지 않습니다.\n5. 전쟁, 외국의 무력행사, 혁명, 내란, 사변, 폭동"
    ],
    "dvAntageous": "1",
    "comProvision": [
        "제5조(보험금을 지급하지 않는 사유) \n①회사는 다음 중 어느 한가지로 보험금 지급사유가 발생한 때에는 보험금을 지급하지 않습니다.\n5. 전쟁, 외국의 무력행사, 혁명, 내란, 사변, 폭동"
    ]
}