{
    "clauseField": "23",
    "ftcCnclsns": "2",
    "clauseArticle": [
        "제2조(용어의 정의)\n② 이 약관에서 일반이사라 함은 고객이 이사화물의 포장과 정리를 맡고 사업자는 이사화물의 운송만을 맡아서 하는 이사를 말하고, 포장이사라 함은 고객이 이사화물의 포장과 정리를 사업자에게 의뢰하여 사업자가 이사화물의 포장, 운송, 정리를 모두 맡아서 하는 이사를 말하며, 보관이사라 함은 일반이사 또는 포장이사를 하는 경우에 사업자가 고객의 의뢰에 따라 이사화물을 일정 기간 보관한 후에 인도하는 이사를 말합니다."
    ],
    "dvAntageous": "1",
    "comProvision": [
        "제2조(용어의 정의)\n  ② 이 약관에서 일반이사라 함은 고객이 이사화물의 포장과 정리를 맡고 사업자는 이사화물의 운송만을 맡아서 하는 이사를 말하고, 포장이사라 함은 고객이 이사화물의 포장과 정리를 사업자에게 의뢰하여 사업자가 이사화물의 포장, 운송, 정리를 모두 맡아서 하는 이사를 말하며, 보관이사라 함은 일반이사 또는 포장이사를 하는 경우에 사업자가 고객의 의뢰에 따라 이사화물을 일정 기간 보관한 후에 인도하는 이사를 말합니다."
    ]
}