{
    "clauseField": "19",
    "ftcCnclsns": "2",
    "clauseArticle": [
        "제5조(갑의 보증사항)\n3. 갑이 본계약을 체결하고 이행하는 것은 관련법령(법원 및 정부의 지시포함)과 갑이 당사자이거나 구속받는 다른계약에 위배되지 아니하며 갑의 정관 기타 사내규칙에 위배되지 아니한다."
    ],
    "dvAntageous": "1",
    "comProvision": [
        "제5조(갑의 보증사항)\n     3. 갑이 본계약을 체결하고 이행하는 것은 관련법령(법원 및 정부의 지시포함)과 갑이 당사자이거나 구속받는 다른계약에 위배되지 아니하며 갑의 정관 기타 사내규칙에 위배되지 아니한다."
    ]
}