{
    "clauseField": "16",
    "ftcCnclsns": "2",
    "clauseArticle": [
        "제8조(보상하지 않는 손해) \n③ 다음 중 어느 하나에 해당하는 손해는 대물배상에서 보상하지 않습니다.\n4. 다른 사람의 서화, 골동품, 조각물, 그 밖에 미술품과 탑승자와 통행인의 의류나 휴대품에 생긴 손해"
    ],
    "dvAntageous": "1",
    "comProvision": [
        "제8조(보상하지 않는 손해)   \n③ 다음 중 어느 하나에 해당하는 손해는 대물배상에서 보상하지 않습니다.\n  4. 다른 사람의 서화, 골동품, 조각물, 그 밖에 미술품과 탑승자와 통행인의 의류나 휴대품에 생긴 손해"
    ]
}