{
    "clauseField": "24",
    "ftcCnclsns": "2",
    "clauseArticle": [
        "제7조(개인정보의 파기)\n3. 개인정보의 파기절차 및 방법에 관한 사항\n회사는 개인정보 수집 및 이용 목적이 달성된 후에는 보유 및 이용기간에 따라 해당 개인정보를 지체 없이 파기합니다."
    ],
    "dvAntageous": "1",
    "comProvision": [
        "제7조（개인정보의 파기） ①  개인정보처리자명  은（는） 개인정보 보유기간의 경과, 처리목적 달성 등 개인정보가 불필요하게 되었을 때에는 지체없이 해당 개인정보를 파기합니다.\n② 정보주체로부터 동의받은 개인정보 보유기간이 경과하거나 처리목적이 달성되었음에도 불구하고 다른 법령에 따라 개인정보를 계속 보존하여야 하는 경우에는, 해당 개인정보를 별도의 데이터베이스（DB）로 옮기거나 보관장소를 달리하여 보존합니다.\n1. 법령 근거  ",
        "제7조（개인정보의 파기） ① ＜개인정보처리자명＞ 은（는） 개인정보 보유기간의 경\n과, 처리목적 달성 등 개인정보가 불필요하게 되었을 때에는 지체없이 해당\n개인정보를 파기합니다."
    ]
}