{
    "clauseField": "31",
    "ftcCnclsns": "2",
    "clauseArticle": [
        "제3조 (약관 등의 명시와 설명 및 개정)\n⑥ 이 약관에서 정하지 아니한 사항과 이 약관의 해석에 관하여는 전자상거래 등에서의 소비자보호에 관한 법률, 약관의 규제 등에 관한 법률, 공정거래위원회가 정하는 전자상거래 등에서의 소비자 보호지침 및 관계법령 또는 상관례에 따른다."
    ],
    "dvAntageous": "1",
    "comProvision": [
        "제3조 (약관 등의 명시와 설명 및 개정)\n⑥ 이 약관에서 정하지 아니한 사항과 이 약관의 해석에 관하여는 전자상거래 등에서의 소비자보호에 관한 법률, 약관의 규제 등에 관한 법률, 공정거래위원회가 정하는 전자상거래 등에서의 소비자 보호지침 및 관계법령 또는 상관례에 따릅니다."
    ]
}