{
    "clauseField": "16",
    "ftcCnclsns": "2",
    "clauseArticle": [
        "제8조(보상하지 않는 손해) \n③ 다음 중 어느 하나에 해당하는 손해는 대물배상에서 보상하지 않습니다.\n5. 탑승자와 통행인의 분실 또는 도난으로 인한 소지품에 생긴 손해. 그러나 훼손된 소지품에 한하여 피해자 1인당 600만원의 한도에서 실제 손해를 보상합니다."
    ],
    "dvAntageous": "1",
    "comProvision": [
        "제8조(보상하지 않는 손해)   \n③ 다음 중 어느 하나에 해당하는 손해는 대물배상에서 보상하지 않습니다.\n  5. 탑승자와 통행인의 분실 또는 도난으로 인한 소지품에 생긴 손해. 그러나 훼손된 소지품에 한하여 피해자 1인당 200만원의 한도에서 실제 손해를 보상합니다."
    ]
}