{
    "clauseField": "20",
    "ftcCnclsns": "2",
    "clauseArticle": [
        "제4조(설명의무 등)\n② 회사는 일중매매거래(같은 날에 동일 종목을 매수한 후 매도하거나, 매도한 후 매수함으로써 하루 동안의 가격 변동을 활용하여 이익을 얻을 목적으로 행하는 매매거래를 말한다)와 관련한 위험을 고객에게 설명하여야 한다."
    ],
    "dvAntageous": "1",
    "comProvision": [
        "제4조(설명의무 등) \n② 회사는 일중매매거래(같은 날에 동일 종목을 매수한 후 매도하거나, 매도한 후 매수함으로써 하루 동안의 가격 변동을 활용하여 이익을 얻을 목적으로 행하는 매매거래를 말한다)와 관련한 위험을 고객에게 설명하여야 한다."
    ]
}