{
    "clauseField": "15",
    "ftcCnclsns": "2",
    "clauseArticle": [
        "제14조(계약 전 알릴 의무 위반의 효과)\n① 회사는 계약자 또는 피보험자가 제13조(계약 전 알릴 의무)에도 불구하고 고의 또는 중대한 과실로 중요한 사항에 대하여 사실과 다르게 알린 경우에는 회사가 별도로 정하는 방법에 따라 계약을 해지하거나 보장을 제한할 수 있습니다. 그러나 다음 중 한 가지에 해당되는 때에는 계약을 해지하거나 보장을 제한할 수 없습니다.\n1. 회사가 계약 당시에 그 사실을 알았거나 과실로 인하여 알지 못하였을 때"
    ],
    "dvAntageous": "1",
    "comProvision": [
        "제14조(계약 전 알릴 의무 위반의 효과)\n① 회사는 계약자 또는 피보험자가 제13조(계약 전 알릴 의무)에도 불구하고 고의 또는 중대한 과실로 중요한 사항에 대하여 사실과 다르게 알린 경우에는 회사가 별도로 정하는 방법에 따라 계약을 해지하거나 보장을 제한할 수 있습니다. 그러나 다음 중 한 가지에 해당되는 때에는 계약을 해지하거나 보장을 제한할 수 없습니다.\n1. 회사가 계약 당시에 그 사실을 알았거나 과실로 인하여 알지 못하였을 때"
    ]
}