{
    "clauseField": "32",
    "ftcCnclsns": "2",
    "clauseArticle": [
        "제17조 (기타사항)\n이 약관에서 규정하지 않은 사항 또는 약관의 해석에 관하여 다툼이 있는 경우에는 사업자와 이용자가 합의하여 결정하되, 합의가 이루어지지 아니한 경우에는 관계법령 및 거래관행에 따라야 한다."
    ],
    "dvAntageous": "1",
    "comProvision": [
        "제17조 (기타사항) 이 약관에서 규정하지 않은 사항 또는 약관의 해석에 관하여 다툼이 있는 경우에는 사업자와 이용자가 합의하여 결정하되, 합의가 이루어지지 아니한 경우에는 관계법령 및 거래관행에 따릅니다."
    ]
}