{
    "clauseField": "13",
    "ftcCnclsns": "2",
    "clauseArticle": [
        "제7조(보험금의 지급절차) \n① 회사는 제6조(보험금의 청구)에서 정한 서류를 접수한 때에는 접수증을 교부하고, 그 서류를 접수받은 후 지체없이 지급할 보험금을 결정하고 지급할 보험금이 결정되면 일주일 이내에 이를 지급하여 드립니다. 또한, 지급할 보험금이 결정되기 전이라도 피보험자의 청구가 있을 때에는 회사가 추정한 보험금의 70퍼센트 상당액을 가지급보험금으로 지급합니다."
    ],
    "dvAntageous": "1",
    "comProvision": [
        "제7조(보험금의 지급절차) ① 회사는 제6조(보험금의 청구)에서 정한 서류를 접수한 때에는 접수증을 교부하고, 그 서류를 접수받은 후 지체없이 지급할 보험금을 결정하고 지급할 보험금이 결정되면 7일 이내에 이를 지급하여 드립니다. 또한, 지급할 보험금이 결정되기 전이라도 피보험자의 청구가 있을 때에는 회사가 추정한 보험금의 50퍼센트 상당액을 가지급보험금으로 지급합니다."
    ]
}