{
    "clauseField": "24",
    "ftcCnclsns": "2",
    "clauseArticle": [
        "만 14세 미만 아동의 개인정보 수집\n당사는 만 14세 미만의 아동의 개인정보를 수집할 때에는 법정대리인의 동의를 받아 처리하고 있습니다. 법정대리인의 동의를 받기 위하여 아동으로부터 법정대리인의 성명, 연락처 등을 수집할 수 있습니다. 단, 수집한 법정 대리인의 개인정보는 아동의 개인정보 수집 동의 목적으로만 이용하며, 5일 이내 동의하시지 않을 경우 자동 파기 합니다."
    ],
    "dvAntageous": "1",
    "comProvision": [
        "제1조（개인정보의 처리목적）\n1. 홈페이지 회원 가입 및 관리\n회원 가입의사 확인, 회원제 서비스 제공에 따른 본인 식별•인증, 회원자격 유\n지.관리, 서비스 부정이용 방지, 만 14세 미만 아동의 개인정보 처리 시 법정\n대리인의 동의여부 확인, 각종 고지.통지, 고충처리 목적으로 개인정보를 처리\n합니다."
    ]
}