{
    "clauseField": "30",
    "ftcCnclsns": "2",
    "clauseArticle": [
        "제3조(보증의 효력발생 및 보증책임)\n⑥ 사업계획승인전 보증부대출과 관련하여 발급한 보증서는  신용보증 승인사실 통지서  발급일로부터 1년 이내에 사업계획승인을 득한 경우에만 보증효력이 발생한다."
    ],
    "dvAntageous": "1",
    "comProvision": [
        "제3조(보증의 효력발생 및 보증책임) ⑥ 사업계획승인전 보증부대출과 관련하여 발급한 보증서는 ‘신용보증 승인사실 통지서’ 발급일로부터 1년 이내에 사업계획승인을 득한 경우에만 보증효력이 발생합니다."
    ]
}