{
    "clauseField": "30",
    "ftcCnclsns": "2",
    "clauseArticle": [
        "제3조(보증의 효력발생 및 보증책임)\n⑦ 보증부대출이 채무자가 당해 사업의 부지매입자금용도로 조달한 차입금, 당해 사업장에 설정된 저당권 등에 의하여 담보된 차입금의 상환에 충당되어도 보증책임을 부담합니다."
    ],
    "dvAntageous": "1",
    "comProvision": [
        "제3조(보증의 효력발생 및 보증책임) \n⑦ 보증부대출이 채무자가 당해 사업의 부지매입자금용도로 조달한 차입금, 당해 사업장에 설정된 저당권 등에 의하여 담보된 차입금의 상환에 충당되어도 보증책임을 부담합니다."
    ]
}