{
    "clauseField": "19",
    "ftcCnclsns": "2",
    "clauseArticle": [
        "제6조(을의 보증사항) (판매기관이 증권회사 이외인 경우 이를 달리 적용함)\n2. 을은 을이 발행한 수표 또는 어음이 부도처리되거나 회사정리 또는 화의의 신청 또는 절차가 진행중에 있지 아니하며, 은행 또는 다른 금융기관과의 거래가 중지된 상태에 있지 않다."
    ],
    "dvAntageous": "1",
    "comProvision": [
        "제6조(을의 보증사항) (판매기관이 증권회사 이외인 경우 이를 달리 적용함)\n     2. 을은 을이 발행한 수표 또는 어음이 부도처리되거나 회사정리 또는 화의의 신청 또는 절차가 진행중에 있지 아니하며, 은행 또는 다른 금융기관과의 거래가 중지된 상태에 있지 않다."
    ]
}