{
    "clauseField": "4",
    "ftcCnclsns": "2",
    "clauseArticle": [
        "제24조(신탁해지)\n① 위탁자 또는 수익자는 천재지변 그 밖의 부득이한 사정이 있는 경우를 제외하고 이 신탁계약을 해지할 수 없다. 다만, 위탁자 또는 수익자는 우선수익자, 수익자 (수익권에 질권을 설정한 경우 질권자 포함)및 수탁자의 동의를 얻은 경우 이 신탁계약을 해지할 수 있고, 이 경우 위탁자와 수익자는 이 신탁계약의 해지로 인해 수탁자에게 발생한 손해를 배상해야 한다."
    ],
    "dvAntageous": "1",
    "comProvision": [
        "제24조(신탁해지)\n① 위탁자 또는 수익자는 천재지변 그 밖의 부득이한 사정이 있는 경우를 제외하고는 원칙적으로 이 신탁계약을 해지할 수 없다. 다만, 위탁자 또는 수익자는 우선수익자, 수익자 (수익권에 질권을 설정한 경우 질권자 포함)및 수탁자의 동의를 얻은 경우 이 신탁계약을 해지할 수 있고, 이 경우 위탁자와 수익자는 이 신탁계약의 해지로 인해 수탁자에게 발생한 손해를 배상하여야 한다."
    ]
}