{
    "clauseField": "21",
    "ftcCnclsns": "2",
    "clauseArticle": [
        "제12조 (투자결과 등의 통보) (자본시장법 제99조, 같은 법 시행령 제100조 반영)\n회사는 다음 각 호의 사항에 관한 보고서(이하 투자일임보고서라 한다)를 작성하여 1개월마다 1회 이상 고객에게 직접 또는 우편발송 등의 방법으로 교부하여야 한다. 다만 고객이 전자우편을 통하여 투자일임보고서를 받겠다는 의사를 표시한 경우에는 전자우편으로 발송할 수 있다."
    ],
    "dvAntageous": "1",
    "comProvision": [
        "제12조 (투자결과 등의 통보)  (자본시장법 제99조, 같은 법 시행령 제100조 반영)\n회사는 다음 각 호의 사항에 관한 보고서(이하 “투자일임보고서”라 한다)를 작성하여 3개월마다 1회 이상 고객에게 직접 또는 우편발송 등의 방법으로 교부하여야 한다. 다만 고객이 전자우편을 통하여 투자일임보고서를 받겠다는 의사를 표시한 경우에는 전자우편으로 발송할 수 있다."
    ]
}