{
    "clauseField": "24",
    "ftcCnclsns": "2",
    "clauseArticle": [
        "정보주체의 권리의무 및 그 행사방법에 관한 \n사항고객은 언제든지 등록되어 있는 회원의 개인정보를 열람하거나 정정하실 수 있습니다. 온라인 회원의 경우 (개인정보변경) 또는 (회원정보 수정)등을 클릭하여 본인 확인 절차를 거치신 후 직접 열람 또는 정정하실 수 있으며, 그 외 고객은 VOC, 콜센터 등에 직접 열람, 정정삭제를 요청 하실 수 있습니다.",
        "단, 고객의 처리 요청 시 회사는 관련 처리 절차에 따라 개인정보 요구서 등의 작성을 요청 할 수 있습니다."
    ],
    "dvAntageous": "1",
    "comProvision": [
        "제5조（정보주체와 법정대리인의 권리의무 및 행사방법） ① 정보주체는 ＜개인정보\n처리자명＞에 대해 언제든지 개인정보 열람정정.삭제처리정지 요구 등의 권리를\n행사할 수 있습니다."
    ]
}