{
    "clauseField": "22",
    "ftcCnclsns": "2",
    "clauseArticle": [
        "제18조 (여객의 책임)\n여객은 차내 진입제한 물품 또는 동물을 가지고 승차 할 수 없으며, 이로 인하여 발생하는 재해에 대하여는 휴대한 여객이 책임을 질 수 있습니다. 다만, 경우에 따라 사업자도 같이 책임을 질 수 있습니다."
    ],
    "dvAntageous": "1",
    "comProvision": [
        "18조 (여객의 책임)\n② 여객은 차내 진입제한 물품 또는 동물을 가지고 승차 할 수 없으며, 이로 인하여 발생하는 재해에 대하여는 휴대한 여객이 책임을 진다."
    ]
}