{
    "clauseField": "23",
    "ftcCnclsns": "2",
    "clauseArticle": [
        "제3조(적용범위)\n① 이 약관은 이사화물의 발송장소와 도착장소가 모두 국내인 일반이사, 포장이사 또는 보관이사에 적용합니다."
    ],
    "dvAntageous": "1",
    "comProvision": [
        "제3조(적용범위)\n  ① 이 약관은 이사화물의 발송장소와 도착장소가 모두 국내인 일반이사, 포장이사 또는 보관이사에 적용합니다."
    ]
}