{
    "clauseField": "20",
    "ftcCnclsns": "2",
    "clauseArticle": [
        "제4조(설명의무 등)\n③ 회사는 고객이 일반투자자에 해당하는 경우에는 고객이 서명 또는 기명날인의 방법으로 설명서 수령을 거부하는 경우를 제외하고는 투자설명사항이 포함된 설명서를 교부하여야 합니다."
    ],
    "dvAntageous": "1",
    "comProvision": [
        "제4조(설명의무 등)\n③ 회사는 고객이 일반투자자에 해당하는 경우에는 고객이 서명 또는 기명날인의 방법으로 설명서 수령을 거부하는 경우를 제외하고는 투자설명사항이 포함된 설명서를 교부하여야 한다."
    ]
}