{
    "clauseField": "32",
    "ftcCnclsns": "2",
    "clauseArticle": [
        "제3조 (약관의 설명 및 계약서의 교부 등)\n① 사업자는 계약을 체결하는 때에는 이용자에게 이 약관의 내용을 분명하게 밝히고, 계약을 체결하기 전에 약관의 중요한 내용을 이용자가 이해할 수 있도록 설명합니다."
    ],
    "dvAntageous": "1",
    "comProvision": [
        "제3조 (약관의 설명 및 계약서의 교부 등) \n① 사업자는 계약을 체결하는 때에는 이용자에게 이 약관의 내용을 분명하게 밝히고, 계약을 체결하기 전에 약관의 중요한 내용을 이용자가 이해할 수 있도록 설명합니다."
    ]
}