{
    "clauseField": "17",
    "ftcCnclsns": "2",
    "clauseArticle": [
        "제19조(청약의 철회)\n① 계약자는 보험증권을 받은 날부터 20일 이내에 그 청약을 철회할 수 있습니다. 다만, 의무보험의 경우에는 철회의사를 표시한 시점에 동종의 다른 의무보험에 가입된 경우에만 철회할 수 있으며, 보험기간이 90일 이내인 계약 또는 전문금융소비자가 체결한 계약은 청약을 철회할 수 없습니다. "
    ],
    "dvAntageous": "1",
    "comProvision": [
        "제19조(청약의 철회)\n① 계약자는 보험증권을 받은 날부터 15일 이내에 그 청약을 철회할 수 있습니다. 다만, 의무보험의 경우에는 철회의사를 표시한 시점에 동종의 다른 의무보험에 가입된 경우에만 철회할 수 있으며, 보험기간이 90일 이내인 계약 또는 전문금융소비자가 체결한 계약은 청약을 철회할 수 없습니다. "
    ]
}