{
    "clauseField": "12",
    "ftcCnclsns": "2",
    "clauseArticle": [
        "제4조(보험금 지급에 관한 세부규정)\n② 제3조(보험금의 지급사유) 제2호에서 장해지급률이 상해 발생일 또는 질병의 진단 확정일부터 180일 이내에 확정되지 않는 경우에는 상해 발생일 또는 질병의 진단확정일부터 167일이 되는 날의 의사 진단에 기초하여 고정될 것으로 인정되는 상태를 장해지급률로 결정합니다. 다만, 장해분류표에 장해판정시기를 별도로 정한 경우에는 그에 따릅니다."
    ],
    "dvAntageous": "1",
    "comProvision": [
        "제4조(보험금 지급에 관한 세부규정)\n② 제3조(보험금의 지급사유) 제2호에서 장해지급률이 상해 발생일 또는 질병의 진단 확정일부터 180일 이내에 확정되지 않는 경우에는 상해 발생일 또는 질병의 진단확정일부터 180일이 되는 날의 의사 진단에 기초하여 고정될 것으로 인정되는 상태를 장해지급률로 결정합니다. 다만, 장해분류표에 장해판정시기를 별도로 정한 경우에는 그에 따릅니다."
    ]
}