{
    "clauseField": "24",
    "ftcCnclsns": "2",
    "clauseArticle": [
        "8. 개인정보의 안전성 확보조치에 관한 사항\n회사는 고객 개인정보가 분실, 도난, 유출, 변조, 훼손되지 않도록 안전성 확보에 필요한 기술적, 관리적, 물리적 조치를 다음과 같이 실시 하고 있습니다.\n6) 개인정보의 안전한 보관을 위한 시설 마련 또는 잠금 장치의 설치 등 물리적 보호조치"
    ],
    "dvAntageous": "1",
    "comProvision": [
        "제8조（개인정보의 안전성 확보조치） ＜개인정보처리자명＞은（는） 개인정보의 안전\n성 확보를 위해 다음과 같은 조치를 취하고 있습니다.\n3. 물리적 조치 : 전산실, 자료보관실 등의 접근통제"
    ]
}