{
    "clauseField": "23",
    "ftcCnclsns": "2",
    "clauseArticle": [
        "제2장  견적 및 계약\n제4조(견적)\n사업자는 고객의 요청이 있으면 운임 등을 견적하고, 다음 각 호의 사항을 기재한 견적서를 작성하여 고객에게 교부합니다.\n1. 사업자의 상호, 사업자등록번호, 대표자, 주소, 전화번호 및 견적서를 작성한 담당자의 성명"
    ],
    "dvAntageous": "1",
    "comProvision": [
        "제4조(견적) 사업자는 고객의 요청이 있으면 운임 등을 견적하고, 다음 각 호의 사항을 기재한 견적서를 작성하여 고객에게 교부합니다.\n    1. 사업자의 상호, 사업자등록번호, 대표자, 주소, 전화번호 및 견적서를 작성한 담당자의 성명"
    ]
}