{
    "clauseField": "8",
    "ftcCnclsns": "2",
    "clauseArticle": [
        "제4조의2(대출계약 철회)\n③ 제1항에 따른 대출계약 철회는 채무자가 철회기한 이내에 원금과 이자 및 다음 각 호의 부대비용을 전액 반환한 때에 그 효력이 발생합니다.\n3. 해당 대출과 관련하여 은행에서 지급한 보증료 또는 보험료"
    ],
    "dvAntageous": "1",
    "comProvision": [
        "제4조의2(대출계약 철회) \n  ③ 제1항에 따른 대출계약 철회는 채무자가 철회기한 이내에 원금과 이자 및 다음 각 호의 부대비용을 전액 반환한 때에 그 효력이 발생합니다.",
        "3. 해당 대출과 관련하여 은행에서 지급한 보증료 또는 보험료"
    ]
}