{
    "clauseField": "19",
    "ftcCnclsns": "2",
    "clauseArticle": [
        "제6조(을의 보증사항) (판매기관이 증권회사 이외인 경우 이를 달리 적용함)\n3. 을이 본 계약을 체결하고 이행하는 것은 관련법령(법원 및 정부의 지시포함)과 을이 당사자이거나 구속받는 다른 계약에 위배되지 않으며 을의 정관 기타 사내규칙에 위배되지 않는다."
    ],
    "dvAntageous": "1",
    "comProvision": [
        "제6조(을의 보증사항) (판매기관이 증권회사 이외인 경우 이를 달리 적용함)\n     3. 을이 본 계약을 체결하고 이행하는 것은 관련법령(법원 및 정부의 지시포함)과 을이 당사자이거나 구속받는 다른 계약에 위배되지 않으며 을의 정관 기타 사내규칙에 위배되지 않는다."
    ]
}