{
    "clauseField": "13",
    "ftcCnclsns": "2",
    "clauseArticle": [
        "제17조(사기에 의한 계약) \n계약자, 피보험자 또는 이들의 대리인의 사기에 의하여 계약이 성립되었음을 회사가 증명하는 경우에는 계약일부터 6년 이내(사기사실을 안 날부터 1개월 이내)에 계약을 취소할 수 있습니다."
    ],
    "dvAntageous": "1",
    "comProvision": [
        "제17조(사기에 의한 계약) 계약자, 피보험자 또는 이들의 대리인의 사기에 의하여 계약이 성립되었음을 회사가 증명하는 경우에는 계약일부터 5년 이내(사기사실을 안 날부터 1개월 이내)에 계약을 취소할 수 있습니다."
    ]
}