{
    "clauseField": "11",
    "ftcCnclsns": "2",
    "clauseArticle": [
        "제6조(거래내용의 확인)\n⑤ 회사가 제1항 및 제3항에 따라 제공하는 거래내용의 종류(조회거래는 제외한다. 이하 이 조에서 같다.), 범위 및 대상기간은 다음 각 호와 같습니다.\n4. 회사가 전자금융거래의 대가로 받은 수수료   10년"
    ],
    "dvAntageous": "1",
    "comProvision": [
        "제6조(거래내용의 확인)\n⑤ 회사가 제1항 및 제3항에 따라 제공하는 거래내용의 종류(조회거래는 제외한다. 이하 이 조에서 같다.), 범위 및 대상기간은 다음 각 호와 같다.\n4. 회사가 전자금융거래의 대가로 받은 수수료   5년"
    ]
}