{
    "clauseField": "22",
    "ftcCnclsns": "2",
    "clauseArticle": [
        "제19조 (면책사항)\n다음 각호에 제기하는 사항에 해당하는 경우에는 이를 산업자의 면책사항으로 봅니다.\n1. 천재지변, 전쟁 기타 불가항력적인 사유나 여객의 귀책사유로 인하여 소정운송을 완수하지 못하거나, 여객에 대한 신체상 또는 재산상의 피해"
    ],
    "dvAntageous": "1",
    "comProvision": [
        "제19조 (면책사항)\n다음 각호에 제기하는 사항에 해당하는 경우에는 이를 산업자의 면책사항으로 한다.\n1. 천재지변, 전쟁 기타 불가항력적인 사유나 여객의 귀책사유로 인하여 소정운송을 완수하지 못하거나, 여객에 대한 신체상 또는 재산상의 피해"
    ]
}