{
    "clauseField": "8",
    "ftcCnclsns": "2",
    "clauseArticle": [
        "제4조의2(대출계약 철회)\n④ 은행은 대출계약 철회의 효력이 발생한 날로부터 3영업일 이내에 해당 대출과 관련하여 채무자로부터 지급받은 수수료 등을 반환합니다."
    ],
    "dvAntageous": "1",
    "comProvision": [
        "제4조의2(대출계약 철회) \n  ④ 은행은 대출계약 철회의 효력이 발생한 날로부터 3영업일 이내에 해당 대출과 관련하여 채무자로부터 지급받은 수수료 등을 반환합니다."
    ]
}