{
    "clauseField": "24",
    "ftcCnclsns": "2",
    "clauseArticle": [
        "제1조(개인정보의 처리목적)\n개인정보처리자명은(는) 다음의 목적을 위하여개인정보를 처리합니다. 처리하고 있는 개인정보는 다음의 목적 이외의 용도로는 이용되지 않으며, 이용 목적이 변경되는 경우에는 개인정보 보호법 제18조에 따라 별도의 동의를 받는 등 필요한 조치를 이행할 예정입니다."
    ],
    "dvAntageous": "1",
    "comProvision": [
        "제1조（개인정보의 처리목적） ＜개인정보처리자명＞은（는） 다음의 목적을 위하여\n개인정보를 처리합니다. 처리하고 있는 개인정보는 다음의 목적 이외의 용도\n로는 이용되지 않으며, 이용 목적이 변경되는 경우에는「개인정보 보호법」제18\n조에 따라 별도의 동의를 받는 등 필요한 조치를 이행할 예정입니다."
    ]
}