{
    "clauseField": "20",
    "ftcCnclsns": "2",
    "clauseArticle": [
        "제5조(자기판단과 책임에 의한 거래)\n고객은 해외파생상품거래에 따르는 위험을 사전에 충분히 알고 자기의 판단과 책임으로 거래하여야 합니다."
    ],
    "dvAntageous": "1",
    "comProvision": [
        "제5조(자기판단과 책임에 의한 거래) 고객은 해외파생상품거래에 따르는 위험을 사전에 충분히 알고 자기의 판단과 책임으로 거래하여야 한다."
    ]
}