{
    "clauseField": "31",
    "ftcCnclsns": "2",
    "clauseArticle": [
        "제4조(서비스의 제공 및 변경)\n② 몰은 재화 또는 용역의 품절 또는 기술적 사양의 변경 등의 경우에는 장차 체결되는 계약에 의해 제공할 재화 또는 용역의 내용을 변경할 수 있습니다. 이 경우에는 변경된 재화 또는 용역의 내용 및 제공일자를 명시하여 현재의 재화 또는 용역의 내용을 게시한 곳에 즉시 공지합니다."
    ],
    "dvAntageous": "1",
    "comProvision": [
        "제4조(서비스의 제공 및 변경)\n② 몰은 재화 또는 용역의 품절 또는 기술적 사양의 변경 등의 경우에는 장차 체결되는 계약에 의해 제공할 재화 또는 용역의 내용을 변경할 수 있습니다. 이 경우에는 변경된 재화 또는 용역의 내용 및 제공일자를 명시하여 현재의 재화 또는 용역의 내용을 게시한 곳에 즉시 공지합니다."
    ]
}