{
    "clauseField": "21",
    "ftcCnclsns": "2",
    "clauseArticle": [
        "제10조 (수수료) \n④ 제1항의 규정에 의한 수수료는 고객 계좌 내 현금에서 우선 지급된다. 다만, 계좌 내 현금의 잔고가 회사가 징수하고자 하는 수수료보다 부족한 경우 회사는 고객에게 45일 내에 현금을 납부할 것을 청구하며, 고객은 동 기한 내에 현금을 회사에 납부하거나 또는 계좌 내 재산을 처분하여 수수료로 충당하도록 지시하여야 한다."
    ],
    "dvAntageous": "1",
    "comProvision": [
        "제10조 (수수료) \n④ 제1항의 규정에 의한 수수료는 고객 계좌 내 현금에서 우선 지급된다. 다만, 계좌 내 현금의 잔고가 회사가 징수하고자 하는 수수료보다 부족한 경우 회사는 고객에게 (  )일 내에 현금을 납부할 것을 청구하며, 고객은 동 기한 내에 현금을 회사에 납부하거나 또\n는 계좌 내 재산을 처분하여 수수료로 충당하도록 지시하여야 한다."
    ]
}