{
    "clauseField": "24",
    "ftcCnclsns": "2",
    "clauseArticle": [
        "제5조(정보주체와 법정대리인의 권리 의무 및 그 행사방법에 관한 사항)\n① 정보주체(만 14세 미만인 경우에는 법정대리인을 말함)는 언제든지 다음 각 호의개인정보 보호 관련 권리를 행사할 수 있습니다.\n1. 개인정보 열람요구\n2. 오류 등이 있을 경우 정정 요구\n3. 삭제요구\n4. 처리정지 요구"
    ],
    "dvAntageous": "1",
    "comProvision": [
        "제5조（정보주체와 법정대리인의 권리의무 및 행사방법） ① 정보주체는 ＜개인정보\n처리자명＞에 대해 언제든지 개인정보 열람정정.삭제처리정지 요구 등의 권리를\n행사할 수 있습니다."
    ]
}