{
    "clauseField": "27",
    "ftcCnclsns": "2",
    "clauseArticle": [
        "제4조 (계약서,약관의 명시,교부 등)\n③ 회사가 이 약관을 개정할 경우에는 적용일자, 개정사유 및 개정내용을 명시하여 현행약관과 함께 그 적용일자 3개월 이전까지 제13조의 방법으로 예고해야한다."
    ],
    "dvAntageous": "1",
    "comProvision": [
        "제4조 (계약서․약관의 명시‧교부 등)\n③ 회사가 이 약관을 개정할 경우에는 적용일자, 개정사유 및 개정내용을 명시하여 현행약관과 함께 그 적용일자 30일 이전까지 제13조의 방법으로 예고합니다."
    ]
}