{
    "clauseField": "19",
    "ftcCnclsns": "2",
    "clauseArticle": [
        "제7조(위탁판매에 관한 사항)\n1. 갑과 을은 주식공모시 위탁판매와 관련하여 위탁판매할 주식의 수, 1주당 발행가액, 청약기간 및 납입기일, 청약방법, 청약결과배정공고 등의 사항을 상호협의하여 1개 이상의 일간지에 공고하고 을의 영업소에 공시하여야 한다."
    ],
    "dvAntageous": "1",
    "comProvision": [
        "제7조(위탁판매에 관한 사항) \n     1. 갑과 을은 주식공모시 위탁판매와 관련하여 위탁판매할 주식의 수, 1주당 발행가액, 청약기간 및 납입기일, 청약방법, 청약결과배정공고 등의 사항을 상호협의하여 1개 이상의 일간지에 공고하고 을의 영업소에 공시한다."
    ]
}