{
    "clauseField": "32",
    "ftcCnclsns": "2",
    "clauseArticle": [
        "제3조 (약관의 설명 및 계약서의 교부 등)\n③ 계약서에 기재된 내용이 표준약관의 내용보다 이용자에게 불리하여서는 아니되며, 계약서에 기재되어 있지 않은 내용은 표준약관을 따릅니다."
    ],
    "dvAntageous": "1",
    "comProvision": [
        "제3조 (약관의 설명 및 계약서의 교부 등) \n③ 계약서에 기재된 내용이 표준약관의 내용보다 이용자에게 불리하여서는 아니되며, 계약서에 기재되어 있지 않은 내용은 표준약관을 따릅니다."
    ]
}