{
    "clauseField": "20",
    "ftcCnclsns": "2",
    "clauseArticle": [
        "제6조(대리인의 선임등)\n① 고객이 대리인을 통해 거래를 하고자 하는 경우에는 사전에 대리인에 관한 사항을 서면으로 회사에 통지하여야 합니다."
    ],
    "dvAntageous": "1",
    "comProvision": [
        "제6조(대리인의 선임등) ① 고객이 대리인을 통해 거래를 하고자 하는 경우에는 사전에 대리인에 관한 사항을 서면으로 회사에 통지하여야 한다."
    ]
}