{
    "clauseField": "16",
    "ftcCnclsns": "2",
    "clauseArticle": [
        "제8조(보상하지 않는 손해) \n④ 제1항 제2호와 관련해서 보험회사가 제9조(피보험자 개별적용) 제1항에 따라 피해자에게 손해배상을 하는 경우, 보험회사는 손해배상액을 지급한 날부터 3년 이내에 고의로 사고를 일으킨 피보험자에게 그 금액의 70퍼센트만 지급을 청구합니다. "
    ],
    "dvAntageous": "1",
    "comProvision": [
        "제8조(보상하지 않는 손해)   \n④ 제1항 제2호와 관련해서 보험회사가 제9조(피보험자 개별적용) 제1항에 따라 피해자에게 손해배상을 하는 경우, 보험회사는 손해배상액을 지급한 날부터 3년 이내에 고의로 사고를 일으킨 피보험자에게 그 금액의 지급을 청구합니다. "
    ]
}