{
    "clauseField": "8",
    "ftcCnclsns": "2",
    "clauseArticle": [
        "제5조(자금의 용도 및 사용)\n채무자는 여신신청시 자금의 용도를 명확하게 제시하고 은행과의 여신거래로 받은 자금을 그 거래 당초에 정해진 용도와 다른 용도로 사용하지 않습니다. 지급보증 기타 은행으로부터 받은 신용의 경우에도 또한 같습니다."
    ],
    "dvAntageous": "1",
    "comProvision": [
        "제5조(자금의 용도 및 사용)\n 채무자는 여신신청시 자금의 용도를 명확하게 제시하고 은행과의 여신거래로 받은 자금을 그 거래 당초에 정해진 용도와 다른 용도로 사용하지 않습니다. 지급보증 기타 은행으로부터 받은 신용의 경우에도 또한 같습니다."
    ]
}