{
    "clauseField": "18",
    "ftcCnclsns": "2",
    "clauseArticle": [
        "제4조(보상하지 않는 손해)\n사업자는 아래의 사유로 인한 손해는 보상하여 드리지 않습니다.\n1. 계약자, 피보험자나 이들의 법정대리인의 고의 또는 중대한 과실"
    ],
    "dvAntageous": "1",
    "comProvision": [
        "제4조(보상하지 않는 손해)\n회사는 아래의 사유로 인한 손해는 보상하여 드리지 않습니다.\n1. 계약자, 피보험자 또는 이들의 법정대리인의 고의 또는 중대한 과실"
    ]
}