{
    "clauseField": "30",
    "ftcCnclsns": "2",
    "clauseArticle": [
        "제5조(보증기한과 당해대출기한과의 관계)\n② 당해대출의 기한이 이 보증서에 기재된 보증기한보다 단기인 때에는 공사가 따로 보증조건변경통지를 아니하더라도 보증기한은 대출기한과 동일하게 변경되어 단축된 것으로 본다."
    ],
    "dvAntageous": "1",
    "comProvision": [
        "제5조(보증기한과 당해대출기한과의 관계)\n ② 당해대출의 기한이 이 보증서에 기재된 보증기한보다 단기인 때에는 공사가 따로 보증조건변경통지를 아니하더라도 보증기한은 대출기한과 동일하게 변경되어 단축된 것으로 봅니다."
    ]
}