{
    "clauseField": "35",
    "ftcCnclsns": "2",
    "clauseArticle": [
        "제17조(청약의 철회) \n① 계약자는 보험증권을 받은 날 부터 17일 이내에 그 청약을 철회할 수 있습니다. 다만, 회사가 건강상태 진단을 지원하는 계약, 보험기간이 90일 이내인 계약 또는 전문금융소비자가 체결한 계약은 청약을 철회할 수 없습니다. "
    ],
    "dvAntageous": "1",
    "comProvision": [
        "제17조(청약의 철회) \n① 계약자는 보험증권을 받은 날 부터 15일 이내에 그 청약을 철회할 수 있습니다. 다만, 회사가 건강상태 진단을 지원하는 계약, 보험기간이 90일 이내인 계약 또는 전문금융소비자가 체결한 계약은 청약을 철회할 수 없습니다. "
    ]
}