{
    "clauseField": "31",
    "ftcCnclsns": "2",
    "clauseArticle": [
        "제4조(서비스의 제공 및 변경)\n③ 몰이 제공하기로 이용자와 계약을 체결한 서비스의 내용을 재화등의 품절 또는 기술적 사양의 변경 등의 사유로 변경할 경우에는 그 사유를 이용자에게 통지 가능한 주소로 즉시 통지한다."
    ],
    "dvAntageous": "1",
    "comProvision": [
        "제4조(서비스의 제공 및 변경)\n③ 몰이 제공하기로 이용자와 계약을 체결한 서비스의 내용을 재화등의 품절 또는 기술적 사양의 변경 등의 사유로 변경할 경우에는 그 사유를 이용자에게 통지 가능한 주소로 즉시 통지합니다."
    ]
}