{
    "clauseField": "19",
    "ftcCnclsns": "2",
    "clauseArticle": [
        "제7조(위탁판매에 관한 사항)\n2. 갑은 위탁판매와 관련된 갑의 정관, 투자설명서, 회사소개서 등을 청약개시일 전까지 을에게 제공하여 을이 각 청약사무취급처에 배포할 수 있도록 한다."
    ],
    "dvAntageous": "1",
    "comProvision": [
        "제7조(위탁판매에 관한 사항) \n     2. 갑은 위탁판매와 관련된 갑의 정관, 투자설명서, 회사소개서 등을 청약개시일 전까지 을에게 제공하여 을이 각 청약사무취급처에 배포할 수 있도록 한다."
    ]
}