{
    "clauseField": "21",
    "ftcCnclsns": "2",
    "clauseArticle": [
        "제10조 (수수료) \n⑤ 제4항 단서의 규정에도 불구하고 40일 이내에 고객이 현금을 납부하지 아니하거나 계좌내 자산을 처분하여 수수료로 충당할 것을 지시하지 않는 경우 회사는 수수료의 충당을 위하여 미납수수료에 상당하는 고객 계좌 내 재산을 고객과 합의한 방법에 의하여 처분 할 수 있다."
    ],
    "dvAntageous": "1",
    "comProvision": [
        "제10조 (수수료) \n⑤ 제4항 단서의 규정에도 불구하고 (  )일 이내에 고객이 현금을 납부하지 아니하거나 계좌내 자산을 처분하여 수수료로 충당할 것을 지시하지 않는 경우 회사는 수수료의 충당을 위하여 미납수수료에 상당하는 고객 계좌 내 재산을 고객과 합의한 방법에 의하여 처분 할 수 있다."
    ]
}