{
    "clauseField": "22",
    "ftcCnclsns": "2",
    "clauseArticle": [
        "제19조 (면책사항)\n다음 각호에 제기하는 사항에 해당하는 경우에는 이를 산업자의 면책사항으로 한다.\n3. 운행도중 여객이 무단이탈하여 초래한 피해"
    ],
    "dvAntageous": "1",
    "comProvision": [
        "제19조 (면책사항)\n다음 각호에 제기하는 사항에 해당하는 경우에는 이를 산업자의 면책사항으로 한다.\n3. 운행도중 여객이 무단이탈하여 초래한 피해"
    ]
}