{
    "clauseField": "29",
    "ftcCnclsns": "2",
    "clauseArticle": [
        "제15조(포인트 및 기타 서비스) \n① 카드사는 카드사가 정한 가맹점에서 회원이 카드를 사용할 경우 결제 금액의 40퍼센트에 해당하는 가치를 포인트 등으로 적립하여 드립니다. 또한, 회원이 카드를 해지한 경우라도 잔여포인트는 포인트 유효기간 동안 유지되어야 하나, 회원이 개인정보삭제를 요청하는 경우에는 그러지아니합니다.",
        "카드사는 회원이 탈회(회원의 유효한 카드가 없어 회원자격이 상실된 상태)나 개인정보삭제를 요청한 경우 탈회 또는 삭제 전 잔여포인트 소멸기간 및 사용방법에 대한 정보를 안내하여야 합니다. 다만, 카드사의 개인정보유출 또는 여신전문금융업법, 기타 금융 관계법 위반으로 인한 탈회나 개인정보삭제 요청인 경우, 해당 카드사는 잔여포인트 가치에 상응하는 별도의 보전조치를 하여야 합니다."
    ],
    "dvAntageous": "1",
    "comProvision": [
        "제 15 조(포인트 및 기타 서비스) \n① 카드사는 카드사가 정한 가맹점에서 회원이 카드를 사용할 경우 결제 금액의 일부에 해당하는 가치를 포인트 등으로 적립하여 드립니다. 또한, 회원이 카드를 해지한 경우라도 잔여포인트는 포인트 유효기간 동안 유지되어야 하나, 회원이 개인정보삭제를 요청하는 경우에는 그러지\n아니합니다. ",
        "카드사는 회원이 탈회(회원의 유효한 카드가 없어 회원자격이 상실된 상태)나 개인정보삭제를 요청한 경우 탈회 또는 삭제 전 잔여포인트 소멸기간 및 사용방법에 대한 정보를 안내하여야 합니다. 다만, 카드사의 개인정보유출 또는 여신전문금융업법, 기타 금융 관계법 위반으로 인한 탈회나 개인정보삭제 요청인 경우, 해당 카드사는 잔여포인트 가치에 상응하는 별도의 보전조치를 하여야 합니다"
    ]
}