{
    "clauseField": "14",
    "ftcCnclsns": "2",
    "clauseArticle": [
        "제12조(보험수익자의 지정) \n보험수익자를 지정하지 않은 때에는 보험수익자를 제9조(만기환급금의 지급) 제1항의 경우는 계약자로 하고, 제3조(보험금의 지급사유) 제1호의 경우는 피보험자의 법정상속인, 같은 조 제2호 및 제3호의 경우는 피보험자로 합니다."
    ],
    "dvAntageous": "1",
    "comProvision": [
        "제12조(보험수익자의 지정) \n보험수익자를 지정하지 않은 때에는 보험수익자를 제9조(만기환급금의 지급) 제1항의 경우는 계약자로 하고, 제3조(보험금의 지급사유) 제1호의 경우는 피보험자의 법정상속인, 같은 조 제2호 및 제3호의 경우는 피보험자로 합니다."
    ]
}