{
    "clauseField": "22",
    "ftcCnclsns": "2",
    "clauseArticle": [
        "제19조 (면책사항)\n다음 각호에 제기하는 사항에 해당하는 경우에는 이를 산업자의 면책사항으로 합니다.\n2. 여객의 현금 등 소지품이나 수화물의 도난, 분실 또는 훼손"
    ],
    "dvAntageous": "1",
    "comProvision": [
        "제19조 (면책사항)\n다음 각호에 제기하는 사항에 해당하는 경우에는 이를 산업자의 면책사항으로 한다.\n2. 여객의 현금 등 소지품이나 수화물의 도난, 분실 또는 훼손"
    ]
}