{
    "clauseField": "18",
    "ftcCnclsns": "2",
    "clauseArticle": [
        "제4조(보상하지 않는 손해)\n회사는 아래의 사유로 인한 손해는 보상하여 드리지 않습니다.\n8. 위 제7호 이외의 방사능이 원인이 된 손해"
    ],
    "dvAntageous": "1",
    "comProvision": [
        "제4조(보상하지 않는 손해)\n회사는 아래의 사유로 인한 손해는 보상하여 드리지 않습니다.\n8. 위 제7호 이외의 방사선을 쬐는 것 또는 방사능 오염으로 인한 손해"
    ]
}