{
    "clauseField": "24",
    "ftcCnclsns": "2",
    "clauseArticle": [
        "제7조(개인정보의 안전성 확보 조치)\n① 개인정보의 안전성 확보를 위해 다음과 같은 조치를 취하고 있습니다.\n1. 개인정보 취급직원의 최소화 및 교육, 개인정보를 취급하는 직원은 반드시 필요한 인원에 한하여 지정,관리하고있으며 취급직원을 대상으로 안전한 관리를 위한 교육을 실시하고 있습니다."
    ],
    "dvAntageous": "1",
    "comProvision": [
        "제8조（개인정보의 안전성 확보조치） ＜개인정보처리자명＞은（는） 개인정보의 안전\n성 확보를 위해 다음과 같은 조치를 취하고 있습니다.\n1. 관리적 조치 : 내부관리계획 수립시행, 정기적 직원 교육 등"
    ]
}