{
    "clauseField": "23",
    "ftcCnclsns": "2",
    "clauseArticle": [
        "제5조(계약)\n① 사업자는 고객으로부터 이사화물의 운송을 의뢰 받는 때에는 다음 각 호의 규정을 고객이 이해할 수 있도록 설명하고, 이 약관을 고객에게 명시합니다. 이 경우 고객의 요구가 있을 시에는 이 약관의 사본을 교부합니다. 다만, 계약서의 이 약관의 전부가 기재된 경우에는 계약서의 교부로 약관사본의 교부에 갈음합니다.\n2. 고객이 피해를 당하였을 경우 피해 구제방법."
    ],
    "dvAntageous": "1",
    "comProvision": [
        "제5조(계약)\n  ① 사업자는 고객으로부터 이사화물의 운송을 의뢰 받는 때에는 다음 각 호의 규정을 고객이 이해할 수 있도록 설명하고, 이 약관을 고객에게 명시합니다. 이 경우 고객의 요구가 있을 시에는 이 약관의 사본을 교부합니다. 다만, 계약서의 이 약관의 전부가 기재된 경우에는 계약서의 교부로 약관사본의 교부에 갈음합니다.\n    2. 고객이 피해를 당하였을 경우 피해 구제방법 및 관련기관의 명칭과 전화번호."
    ]
}