{
    "clauseField": "16",
    "ftcCnclsns": "2",
    "clauseArticle": [
        "제26조(청구 절차 및 유의 사항) \n① 보험회사는 보험금 청구에 관한 서류를 받았을 때에는 지체 없이 지급할 보험금액을 정하고 그 정하여진 날부터 6일 이내에 지급합니다."
    ],
    "dvAntageous": "1",
    "comProvision": [
        "제26조(청구 절차 및 유의 사항) \n① 보험회사는 보험금 청구에 관한 서류를 받았을 때에는 지체 없이 지급할 보험금액을 정하고 그 정하여진 날부터 7일 이내에 지급합니다."
    ]
}