{
    "clauseField": "9",
    "ftcCnclsns": "2",
    "clauseArticle": [
        "제5조(접근매체의 발급 및 등록)\n② 제1항의 규정에도 불구하고 은행은 접근매체의 갱신 또는 대체발급 등을 위하여 이용자의 동의를 얻은 경우로서 다음 각 호에 해당하는 경우에는 이용자의 신청이나 본인확인 없는 때에도 발급할 수 있다.",
        "1. 갱신 또는 대체발급 예정일전 1년 이내에 사용된 적이 없는 접근매체에 대하여 이용자로부터 갱신 또는 대체발급에 대한 서면( 전자서명법 제2조 제3호의 규정에 따른 공인전자서명(이하 공인전자서명 이라 합니다.)이 있는 전자문서를 포함합니다.) 동의를 얻은 경우"
    ],
    "dvAntageous": "1",
    "comProvision": [
        "제5조(접근매체의 발급 및 등록)\n② 제1항의 규정에도 불구하고 은행은 접근매체의 갱신 또는 대체발급 등을 위하여 이용자의 동의를 얻은 경우로서 다음 각 호에 해당하는 경우에는 이용자의 신청이나 본인확인 없는 때에도 발급할 수 있습니다.",
        "1. 갱신 또는 대체발급 예정일전 6개월 이내에 사용된 적이 없는 접근매체에 대하여 이용자로부터 갱신 또는 대체발급에 대한 서면( 전자서명법 제2조 제3호의 규정에 따른 공인전자서명(이하  공인전자서명 이라 합니다.)이 있는 전자문서를 포함합니다.) 동의를 얻은 경우"
    ]
}