{
    "clauseField": "30",
    "ftcCnclsns": "2",
    "clauseArticle": [
        "제6조(보증조건의 변경)\n① 채권자는 공사로부터 보증조건의 변경통지를 받지 아니하고는 당해대출 기한의 연장, 대출과목의 변경, 채무자의 변경 등 보증채무에 영향을 미칠 수 있는 대출약정의 내용을 변경하여서는 아니된다."
    ],
    "dvAntageous": "1",
    "comProvision": [
        "제6조(보증조건의 변경)\n ① 채권자는 공사로부터 보증조건의 변경통지를 받지 아니하고는 당해대출 기한의 연장, 대출과목의 변경, 채무자의 변경 등 보증채무에 영향을 미칠 수 있는 대출약정의 내용을 변경하여서는 아니됩니다."
    ]
}