{
    "clauseField": "19",
    "ftcCnclsns": "2",
    "clauseArticle": [
        "제7조(위탁판매에 관한 사항)\n3. 갑이 주식의 모집등에 관한 일정을 변경하고자 할 경우에는 을 에게 사전 통지하고 을과 협의하여야 한다."
    ],
    "dvAntageous": "1",
    "comProvision": [
        "제7조(위탁판매에 관한 사항) \n     3. 갑이 주식의 모집등에 관한 일정을 변경하고자 할 경우에는 을 에게 사전 통지하고 을과 협의하여야 한다."
    ]
}