{
    "clauseField": "24",
    "ftcCnclsns": "2",
    "clauseArticle": [
        "개인정보의 이용목적\nㅁ홈페이지 회원가입 및 관리\n회원 가입의사 확인, 회원자격 유지,관리, 제한적 본인확인제 시행에 따른 본인확인, 서비스 부정이용 방지 등을 목적으로 개인정보를 처리합니다."
    ],
    "dvAntageous": "1",
    "comProvision": [
        "제1조（개인정보의 처리목적） ＜개인정보처리자명＞은（는） 다음의 목적을 위하여\n개인정보를 처리합니다. 처리하고 있는 개인정보는 다음의 목적 이외의 용도\n로는 이용되지 않으며, 이용 목적이 변경되는 경우에는「개인정보 보호법」제18\n조에 따라 별도의 동의를 받는 등 필요한 조치를 이행할 예정입니다."
    ]
}