{
    "clauseField": "31",
    "ftcCnclsns": "2",
    "clauseArticle": [
        "제4조(서비스의 제공 및 변경)\n④ 전항의 경우  몰 은 이로 인하여 이용자가 입은 손해를 배상합니다. 다만,  몰 이 고의 또는 과실이 없음을 입증하는 경우에는 그러하지 아니한다."
    ],
    "dvAntageous": "1",
    "comProvision": [
        "제4조(서비스의 제공 및 변경)\n④ 전항의 경우 몰은 이로 인하여 이용자가 입은 손해를 배상합니다. 다만, 몰이 고의 또는 과실이 없음을 입증하는 경우에는 그러하지 아니합니다."
    ]
}