{
    "clauseField": "10",
    "ftcCnclsns": "2",
    "clauseArticle": [
        "제30조 계약기간\n본 계약은 계약일로부터 1년간 유효하며, 발효일은 갑이 본 계약서에 기명 날인하여 을에게 제출한 날로 한다. 계약기간 만료 30일 전까지 당사자 쌍방이 상대방에 대하여 서면으로 종료의사를 표시하지 않는 한 2년 6개월 씩 자동으로 연장된다."
    ],
    "dvAntageous": "1",
    "comProvision": [
        "제30조 계약기간\n본 계약은 계약일로부터 1년간 유효하며, 발효일은 갑이 본 계약서에 기명 날인하여 을에게 제출한 날로 한다. 계약기간 만료 30일 전까지 당사자 쌍방이 상대방에 대하여 서면으로 종료의사를 표시하지 않는 한 1년씩 자동으로 연장된다."
    ]
}