{
    "clauseField": "18",
    "ftcCnclsns": "2",
    "clauseArticle": [
        "제4조(보상하지 않는 손해)\n회사는 아래의 사유로 인한 손해는 보상하여 드리지 않습니다.\n9. 국가 및 지방자치단체의 명령에 의한 재산상의 손해"
    ],
    "dvAntageous": "1",
    "comProvision": [
        "제4조(보상하지 않는 손해)\n회사는 아래의 사유로 인한 손해는 보상하여 드리지 않습니다.\n9. 국가 및 지방자치단체의 명령에 의한 재산의 소각 및 이와 유사한 손해"
    ]
}