{
    "clauseField": "32",
    "ftcCnclsns": "2",
    "clauseArticle": [
        "제3조 (약관의 설명 및 계약서의 교부 등)\n④ 사업자는 계약을 체결하는 때에 이용자의 요구가 있으면 이 약관을 교부합니다. 다만, 이용자에게 교부하는 계약서에 이 약관이 기재되어 있는 경우에는 그러하지 아니합니다."
    ],
    "dvAntageous": "1",
    "comProvision": [
        "제3조 (약관의 설명 및 계약서의 교부 등) \n④ 사업자는 계약을 체결하는 때에 이용자의 요구가 있으면 이 약관을 교부합니다. 다만, 이용자에게 교부하는 계약서에 이 약관이 기재되어 있는 경우에는 그러하지 아니합니다."
    ]
}