{
    "clauseField": "11",
    "ftcCnclsns": "2",
    "clauseArticle": [
        "제7조(오류의 정정) \n③ 회사가 전자금융거래에 오류가 있음을 안 때에는 이를 즉시 조사하여 처리하며, 오류가 있음을 안 날로부터 5일 이내에 오류의 원인과 처리 결과를 문서, 전화 또는 전자우편으로 고객에게 알려야 한다. 다만 고객이 문서로 알려줄 것을 요청하는 경우에는 문서로 알려야 한다."
    ],
    "dvAntageous": "1",
    "comProvision": [
        "제7조(오류의 정정) \n③ 회사가 전자금융거래에 오류가 있음을 안 때에는 이를 즉시 조사하여 처리하며, 오류가 있음을 안 날로부터 2주 이내에 오류의 원인과 처리 결과를 문서, 전화 또는 전자우편으로 고객에게 알려야 한다. 다만 고객이 문서로 알려줄 것을 요청하는 경우에는 문서로 알려야 한다."
    ]
}