{
    "clauseField": "40",
    "ftcCnclsns": "2",
    "clauseArticle": [
        "제25조(책임의 특별소멸 사유와 시효)\n① 운송물의 일부 멸실 또는 훼손에 대한 사업자의 손해배상책임은 고객(수화인)이 운송물을 수령한 날로부터 14일 이내에 그 일부 멸실 또는 훼손에 대한 사실을 고객(송화인)이 사업자에게 통지를 발송하지 아니하면 소멸합니다.",
        "② 운송물의 일부 멸실, 훼손 또는 연착에 대한 사업자의 손해배상책임은 고객(수화인)이 운송물을 수령한 날로부터 18개월이 경과하면 소멸합니다. 다만, 운송물이 전부 멸실된 경우에는 그 인도예정일로부터 기산합니다.\n③ 제1항과 제2항의 규정은 사업자 또는 그 운송 위탁을 받은 자, 기타 운송을 위하여 관여된 자가 이 운송물의 일부 멸실 또는 훼손의 사실을 알면서 이를 숨기고 운송물을 인도한 경우에는 적용되지 아니합니다. 이 경우에는 사업자의 손해배상책임은 고객(수화인)이 운송물을 수령한 날로부터 5년간 존속합니다."
    ],
    "dvAntageous": "1",
    "comProvision": [
        "제25조(책임의 특별소멸 사유와 시효)\n① 운송물의 일부 멸실 또는 훼손에 대한 사업자의 손해배상책임은 고객(수화인)이 운송물을 수령한 날로부터 14일 이내에 그 일부 멸실 또는 훼손에 대한 사실을 고객(송화인)이 사업자에게 통지를 발송하지 아니하면 소멸합니다.",
        "② 운송물의 일부 멸실, 훼손 또는 연착에 대한 사업자의 손해배상책임은 고객(수화인)이 운송물을 수령한 날로부터 1년이 경과하면 소멸합니다. 다만, 운송물이 전부 멸실된 경우에는 그 인도예정일로부터 기산합니다.\n③ 제1항과 제2항의 규정은 사업자 또는 그 운송 위탁을 받은 자, 기타 운송을 위하여 관여된 자가 이 운송물의 일부 멸실 또는 훼손의 사실을 알면서 이를 숨기고 운송물을 인도한 경우에는 적용되지 아니합니다. 이 경우에는 사업자의 손해배상책임은 고객(수화인)이 운송물을 수령한 날로부터 5년간 존속합니다."
    ]
}