{
    "clauseField": "20",
    "ftcCnclsns": "2",
    "clauseArticle": [
        "제7조(중개의 거부)\n① 회사는 다음 각 호의 어느 하나에 해당하는 경우에는 고객 의 해외파생상품거래의 중개를 거부할 수 있다.\n1. 해당 해외파생상품거래 또는 그 중개가 국내․외의 법규에 위반되는 경우"
    ],
    "dvAntageous": "1",
    "comProvision": [
        "제7조(중개의 거부) ① 회사는 다음 각 호의 어느 하나에 해당하는 경우에는 고객 의 해외파생상품거래의 중개를 거부한다.\n  1. 해당 해외파생상품거래 또는 그 중개가 국내․외의 법규에 위반되는 경우"
    ]
}