{
    "clauseField": "27",
    "ftcCnclsns": "2",
    "clauseArticle": [
        "제4조 (계약서,약관의 명시,교부 등)\n④ 회사가 약관을 개정할 경우에는 그 개정약관은 그 적용일자 이후에 체결되는 계약에만 적용되고 그 이전에 이미 체결된 계약에 대해서는 개정전의 약관조항이 그대로 적용됩니다. 다만, 이미 계약을 체결한 회원이 개정약관 조항의 적용을 받기를 원하는 뜻을 제3항에 의한 개정약관의 예고기간 내에 회사에 서면으로 통지하여 회사의 동의를 받은 경우에는 개정약관조항이 적용된다."
    ],
    "dvAntageous": "1",
    "comProvision": [
        "제4조 (계약서․약관의 명시‧교부 등)\n④ 회사가 약관을 개정할 경우에는 그 개정약관은 그 적용일자 이후에 체결되는 계약에만 적용되고 그 이전에 이미 체결된 계약에 대해서는 개정전의 약관조항이 그대로 적용됩니다. 다만, 이미 계약을 체결한 회원이 개정약관 조항의 적용을 받기를 원하는 뜻을 제3항에 의한 개정약관의 예고기간 내에 회사에 서면으로 통지하여 회사의 동의를 받은 경우에는 개정약관조항이 적용됩니다."
    ]
}