{
    "clauseField": "31",
    "ftcCnclsns": "2",
    "clauseArticle": [
        "제5조(서비스의 중단)\n① 몰은 컴퓨터 등 정보통신설비의 보수점검, 교체 및 고장, 통신의 두절 등의 사유가 발생한 경우에는 서비스의 제공을 일시적으로 중단할 수 있습니다."
    ],
    "dvAntageous": "1",
    "comProvision": [
        "제5조(서비스의 중단)\n① 몰은 컴퓨터 등 정보통신설비의 보수점검, 교체 및 고장, 통신의 두절 등의 사유가 발생한 경우에는 서비스의 제공을 일시적으로 중단할 수 있습니다."
    ]
}