{
    "clauseField": "14",
    "ftcCnclsns": "2",
    "clauseArticle": [
        "제13조(대표자의 지정) \n① 계약자 또는 보험수익자가 2명 이상인 경우에는 각 대표자를 1명 지정하여야 한다. 이 경우 그 대표자는 각각 다른 계약자 또는 보험수익자를 대리하는 것으로 한다."
    ],
    "dvAntageous": "1",
    "comProvision": [
        "제13조(대표자의 지정) \n① 계약자 또는 보험수익자가 2명 이상인 경우에는 각 대표자를 1명 지정하여야 합니다. 이 경우 그 대표자는 각각 다른 계약자 또는 보험수익자를 대리하는 것으로 합니다. "
    ]
}