{
    "clauseField": "24",
    "ftcCnclsns": "2",
    "clauseArticle": [
        "수집하는 개인정보의 항목\nㅁ서비스 이용과정이나 정보처리 과정에서 아래와 같은 정보들이 생성되어 수집될 수 있습니다.\nㅁ서비스 이용기록, 접속 로그, 쿠키, 접속 IP 정보, 결제기록 등"
    ],
    "dvAntageous": "1",
    "comProvision": [
        "제6조（처리하는 개인정보 항목） ＜개인정보처리자명＞ 은（는） 다음의 개인정보 항목을\n처리하고 있습니다.\n5. 인터넷 서비스 이용과정에서 아래 개인정보 항목이 자동으로 생성되어 수집\n될 수 있습니다.\n•IP주소, 쿠키, MAC주소, 서비스 이용기록, 방문기록"
    ]
}