{
    "clauseField": "41",
    "ftcCnclsns": "2",
    "clauseArticle": [
        "제7조(요금청구 및 납부)\n② 사업자 시설의 하자 등 사업자의 귀책사유로 인하여 수신하지 못한 때에는 사업자는 당월의 월요금을 일단위로 계산한 금액에 수신하지 못한 일수를 곱하여 산출된 금액을 당월 요금에서 감액해야 하며, 특히 연속 5일 이상 또는 월간 총 7일 이상 수신하지 못한 때는 당해 월요금을 면제해야 합니다. ",
        "이 경우 수신장애 발생시점은 수신자가 사업자에 신고하는 때를 기준으로 하되, 수신자에게 유리한 다른 증거가 있는 경우에는 이를 기준으로 합니다."
    ],
    "dvAntageous": "1",
    "comProvision": [
        "제7조(요금청구 및 납부)\n② 사업자 시설의 하자 등 사업자의 귀책사유로 인하여 수신하지 못한 때에는 사업자는 당월의 월요금을 일단위로 계산한 금액에 수신하지 못한 일수를 곱하여 산출된 금액을 당월 요금에서 감액해야 하며, 특히 연속 5일 이상 또는 월간 총 7일 이상 수신하지 못한 때는 당해 월요금을 면제해야 합니다. ",
        "이 경우 수신장애 발생시점은 수신자가 사업자에 신고하는 때를 기준으로 하되, 수신자에게 유리한 다른 증거가 있는 경우에는 이를 기준으로 합니다."
    ]
}