{
    "clauseField": "24",
    "ftcCnclsns": "2",
    "clauseArticle": [
        "개인정보의 보유 및 이용 기간\n이용자의 동의 하에 수집된 개인정보는 이용자가 당사 홈페이지의 서비스를 이용하는 동안 보유 및 이용됩니다. 당사는 아래와 같이 개인정보의 수집 및 이용 목적이 달성된 때 수집된 개인정보를 지체 없이 파기하겠습니다."
    ],
    "dvAntageous": "1",
    "comProvision": [
        "제2조(개인정보의 처리 및 보유기간) ① ＜개인정보처리자명＞은(는) 법령에 따른\n개인정보 보유•이용기간 또는 정보주체로부터 개인정보를 수집 시에 동의받은\n개인정보 보유•이용기간 내에서 개인정보를 처리•보유합니다."
    ]
}