{
    "clauseField": "15",
    "ftcCnclsns": "2",
    "clauseArticle": [
        "제16조(보험계약의 성립)\n③ 회사는 계약의 청약을 받고, 제1회 보험료를 받은 경우에 건강진단을 받지 않는 계약은 청약일, 진단계약은 진단일(재진단의 경우에는 최종 진단일)부터 21일 이내에 승낙 또는 거절하여야 하며, 승낙한 때에는 보험증권을 드립니다. 그러나 21일 이내에 승낙 또는 거절의 통지가 없으면 승낙된 것으로 봅니다."
    ],
    "dvAntageous": "1",
    "comProvision": [
        "제16조(보험계약의 성립)\n③ 회사는 계약의 청약을 받고, 제1회 보험료를 받은 경우에 건강진단을 받지 않는 계약은 청약일, 진단계약은 진단일(재진단의 경우에는 최종 진단일)부터 30일 이내에 승낙 또는 거절하여야 하며, 승낙한 때에는 보험증권을 드립니다. 그러나 30일 이내에 승낙 또는 거절의 통지가 없으면 승낙된 것으로 봅니다."
    ]
}