{
    "clauseField": "27",
    "ftcCnclsns": "2",
    "clauseArticle": [
        "제5조 (서비스의 제공)\n① 회사는 회원에게 다음과 같은 서비스를 제공합니다.\n4. 기타 결혼과 관련된 사항으로서 회사가 정하는 서비스"
    ],
    "dvAntageous": "1",
    "comProvision": [
        "제5조 (서비스의 제공)\n① 회사는 회원에게 다음과 같은 서비스를 제공합니다.\n    4. 기타 결혼과 관련된 사항으로서 회사가 정하는 서비스"
    ]
}