{
    "clauseField": "11",
    "ftcCnclsns": "2",
    "clauseArticle": [
        "제12조(인출한도 제한) \n고객이 보유한 계좌가 1년 이상 장기미사용 계좌에 해당하는 경우 자동화기기(ATM/CD)를 이용한 1일 인출한도는 회사가 고객에게 안내한 금액 이하로 제한된다. "
    ],
    "dvAntageous": "1",
    "comProvision": [
        "제12조(인출한도 제한) \n고객이 보유한 계좌가 1년 이상 장기미사용 계좌에 해당하는 경우 자동화기기(ATM,CD)를 이용한 1일 인출한도는 회사가 고객에게 안내한 금액 이하로 제한된다."
    ]
}