{
    "clauseField": "24",
    "ftcCnclsns": "2",
    "clauseArticle": [
        "제3자의 개시, 제공에 대하여\n당사에서는 이하의 경우를 제외하고 고객 본인의 동의 없이 제 3자에게 개인정보를 제공하지 않습니다."
    ],
    "dvAntageous": "1",
    "comProvision": [
        "제3조（개인정보의 제3자 제공） ① ＜개인정보처리자명＞은（는） 정보주체의 개인정\n보를 제1조（개인정보의 처리 목적）에서 명시한 범위 내에서만 처리하며, 정보\n주체의 동의, 법률의 특별한 규정 등「개인정보 보호법」제17조 및 제18조에 해\n당하는 경우에만 개인정보를 제3자에게 제공합니다."
    ]
}