{
    "clauseField": "14",
    "ftcCnclsns": "2",
    "clauseArticle": [
        "제13조(대표자의 지정) \n② 지정된 계약자 또는 보험수익자의 소재가 확실하지 않은 경우에는 이 계약에 관하여 회사가 계약자 또는 보험수익자 1명에 대하여 한 행위는 각각 다른 계약자 또는 보험수익자에게도 효력이 미친다."
    ],
    "dvAntageous": "1",
    "comProvision": [
        "제13조(대표자의 지정)  \n ② 지정된 계약자 또는 보험수익자의 소재가 확실하지 않은 경우에는 이 계약에 관하여 회사가 계약자 또는 보험수익자 1명에 대하여 한 행위는 각각 다른 계약자 또는 보험수익자에게도 효력이 미칩니다."
    ]
}