{
    "clauseField": "31",
    "ftcCnclsns": "2",
    "clauseArticle": [
        "제5조(서비스의 중단)\n②  몰 은 제1항의 사유로 서비스의 제공이 일시적으로 중단됨으로 인하여 이용자 또는 제3자가 입은 손해에 대하여 배상합니다. 단,  몰 이 고의 또는 과실이 없음을 입증하는 경우에는 그러하지 아니합니다."
    ],
    "dvAntageous": "1",
    "comProvision": [
        "제5조(서비스의 중단)\n② 몰은 제1항의 사유로 서비스의 제공이 일시적으로 중단됨으로 인하여 이용자 또는 제3자가 입은 손해에 대하여 배상합니다. 단, 몰이 고의 또는 과실이 없음을 입증하는 경우에는 그러하지 아니합니다."
    ]
}