{
    "clauseField": "20",
    "ftcCnclsns": "2",
    "clauseArticle": [
        "제7조(중개의 거부)\n① 회사는 다음 각 호의 어느 하나에 해당하는 경우에는 고객 의 해외파생상품거래의 중개를 거부할 수 있다.\n2. 금융위원회(이하 “금융위”라 한다)의 지시 또는 명령에 의하여 중개할 수 없는 경우"
    ],
    "dvAntageous": "1",
    "comProvision": [
        "제7조(중개의 거부) ① 회사는 다음 각 호의 어느 하나에 해당하는 경우에는 고객 의 해외파생상품거래의 중개를 거부한다.\n  2. 금융위원회(이하 금융위라 한다)의 지시 또는 명령에 의하여 중개할 수 없는 경우"
    ]
}