{
    "clauseField": "23",
    "ftcCnclsns": "2",
    "clauseArticle": [
        "제6조(계약금)\n사업자는 계약서를 고객에게 교부할 때 계약금으로 운임 등의 합계액의 8퍼센트에 해당하는 금액을 청구할 수 있습니다."
    ],
    "dvAntageous": "1",
    "comProvision": [
        "제6조(계약금) \n사업자는 계약서를 고객에게 교부할 때 계약금으로 운임 등의 합계액의 10퍼센트에 해당하는 금액을 청구할 수 있습니다."
    ]
}