{
    "clauseField": "42",
    "ftcCnclsns": "2",
    "clauseArticle": [
        "제8조(장기계약의 해지)\n① 회원이 회원의 사정으로 해지하는 경우   회사는 해지의 통지가 도달한 시점을 기준으로 미경과된 계약기간에 해당하는 월회비(대금)에서 동 금액의 10퍼센트 금액을 공제한 잔액을 회원에게 환급하여야 한다."
    ],
    "dvAntageous": "1",
    "comProvision": [
        "제8조(장기계약의 해지)\n① 회원이 회원의 사정으로 해지하는 경우   회사는 해지의 통지가 도달한 시점을 기준으로 미경과된 계약기간에 해당하는 월회비(대금)에서 동 금액의 10퍼센트 금액을 공제한 잔액을 회원에게 환급하여야 합니다."
    ]
}