{
    "clauseField": "8",
    "ftcCnclsns": "2",
    "clauseArticle": [
        "제7조(기한전의 채무변제의무)\n② 채무자에게 다음 각 호의 어느 하나에 해당하는 사유가 발생한 경우, 은행은 채무자에게 은행에 대한 해당 채무에 대하여 기한의 이익을 상실시킬 수 있습니다. 이 경우, 은행은 기한의 이익상실일 7영업일전까지 채무자에게 서면으로 다음 각 호의 사유 및 이에 따라 기한의 이익을 상실하고, 대출잔액 전부에 대하여 연체료가 부과될 수 있다는 사실을 통지하여야 합니다. 다만 위 통지가 기한의 이익상실일 7영업일전까지 채무자에게 도",
        "달하지 않은 경우에는 실제 통지가 도달한 날부터 7영업일이 경과한 날에 채무자는 기한의 이익을 상실하여, 이를 곧 갚아야  할 의무를 집니다.\n1. 이자를 지급하여야 할 때부터 1개월(주택담보대출의 경우 2개월)간 지체한 때"
    ],
    "dvAntageous": "1",
    "comProvision": [
        "제7조(기한전의 채무변제의무)\n  ② 채무자에게 다음 각 호의 어느 하나에 해당하는 사유가 발생한 경우, 은행은 채무자에게 은행에 대한 해당 채무에 대하여 기한의 이익을 상실시킬 수 있습니다. 이 경우, 은행은 기한의 이익상실일 7영업일전까지 채무자에게 서면으로 다음 각 호의 사유 및 이에 따라 기한의 이익을 상실하고, 대출잔액 전부에 대하여 연체료가 부과될 수 있다는 사실을 통지하여야 합니다. 다만 위 통지가 기한의 이익상실일 7영업",
        "일전까지 채무자에게 도달하지 않은 경우에는 실제 통지가 도달한 날부터 7영업일이 경과한 날에 채무자는 기한의 이익을 상실하여, 이를 곧 갚아야  할 의무를 집니다.\n    1. 이자를 지급하여야 할 때부터 1개월(주택담보대출의 경우 2개월)간 지체한 때"
    ]
}