{
    "clauseField": "24",
    "ftcCnclsns": "2",
    "clauseArticle": [
        "업무위탁에 대해서\n당사는 업무의 일부를 외부에 위탁함에 있어서, 이 위탁처에 필요한 범위내에서 개인정보를 제공할 수 있습니다. 이런 업무위탁처와의 기밀유지계약을 엄수하며 위탁처에 대한 적절한 감독을 실시합니다."
    ],
    "dvAntageous": "1",
    "comProvision": [
        "제4조（개인정보처리의 위탁） ① ＜개인정보처리자명＞ 은（는） 원활한 개인정보 업\n무처리를 위하여 다음과 같이 개인정보 처리업무를 위탁하고 있습니다."
    ]
}