{
    "clauseField": "18",
    "ftcCnclsns": "2",
    "clauseArticle": [
        "제4조(보상하지 않는 손해)\n회사는 아래의 사유로 인한 손해는 보상하여 드리지 않습니다.\n4. 화재가 원인으로 인정되지 않은 수도관, 수관 또는 수압기 등의 파열로 생긴 손해"
    ],
    "dvAntageous": "1",
    "comProvision": [
        "제4조(보상하지 않는 손해)\n회사는 아래의 사유로 인한 손해는 보상하여 드리지 않습니다.\n4. 화재에 기인되지 않는 수도관, 수관 또는 수압기 등의 파열로 생긴 손해"
    ]
}