{
    "clauseField": "34",
    "ftcCnclsns": "2",
    "clauseArticle": [
        "제5조 (유효기간)\n② 발행자는 제1항의 유효기간을 상품권을 구매한 날 또는 충전일로부터 1년 이상으로 정할 수 있다. 다만, 다음 각 호의 물품 및 용역 제공형 상품권의 경우 유효기간을 상품권을 구매한 날로부터 7개월 이상으로 정할 수 있다."
    ],
    "dvAntageous": "1",
    "comProvision": [
        "제5조 (유효기간)\n② 발행자는 제1항의 유효기간을 상품권을 구매한 날 또는 충전일로부터 1년 이상으로 정할 수 있다. 다만, 다음 각 호의 물품 및 용역 제공형 상품권의 경우 유효기간을 상품권을 구매한 날로부터 3개월 이상으로 정할 수 있다."
    ]
}