{
    "clauseField": "23",
    "ftcCnclsns": "2",
    "clauseArticle": [
        "제7조(인수거절)\n① 이사화물이 다음 각 호의 하나에 해당될 때에는 사업자는 그 인수를 거절할 수 있습니다.\n1. 현금, 유가증권, 귀금속, 예금통장, 신용카드, 인감 등 고객이 휴대할 수 있는 귀중품"
    ],
    "dvAntageous": "1",
    "comProvision": [
        "제7조(인수거절)\n  ① 이사화물이 다음 각 호의 하나에 해당될 때에는 사업자는 그 인수를 거절할 수 있습니다.  \n    1. 현금, 유가증권, 귀금속, 예금통장, 신용카드, 인감 등 고객이 휴대할 수 있는 귀중품"
    ]
}