{
    "clauseField": "32",
    "ftcCnclsns": "2",
    "clauseArticle": [
        "제3조 (약관의 설명 및 계약서의 교부 등)\n⑤ 사업자와 이용자는 관계법규에 위반되지 않는 범위 내에서 서면으로 특약을 맺을 수 있다. 이 경우 사업자는 표준약관과 다르다는 사실과 그 내용을 이용자에게 설명하고, 서면으로 동의를 받아야 한다."
    ],
    "dvAntageous": "1",
    "comProvision": [
        "제3조 (약관의 설명 및 계약서의 교부 등) \n⑤ 사업자와 이용자는 관계법규에 위반되지 않는 범위 내에서 서면으로 특약을 맺을 수 있습니다. 이 경우 사업자는 표준약관과 다르다는 사실과 그 내용을 이용자에게 설명하고, 서면으로 동의를 받아야 합니다."
    ]
}