{
    "clauseField": "30",
    "ftcCnclsns": "2",
    "clauseArticle": [
        "제6조(보증조건의 변경)\n④ 채권자는 보증기한을 연장하는 공사의 보증조건변경통지에 의하여 기존대출을 소멸시키면서 그와 동일한 내용의 새로운 대출을 발생시키는 신규대출형식으로 당해대출의 기한을 연장하여서는 아니됩니다."
    ],
    "dvAntageous": "1",
    "comProvision": [
        "제6조(보증조건의 변경)\n ④ 채권자는 보증기한을 연장하는 공사의 보증조건변경통지에 의하여 기존대출을 소멸시키면서 그와 동일한 내용의 새로운 대출을 발생시키는 신규대출형식으로 당해대출의 기한을 연장하여서는 아니됩니다."
    ]
}