{
    "clauseField": "27",
    "ftcCnclsns": "2",
    "clauseArticle": [
        "제5조 (서비스의 제공)\n① 회사는 회원에게 다음과 같은 서비스를 제공합니다.\n1. 회원에 대한 결혼상담 및 인터넷 등을 통한 결혼관련 정보의 제공"
    ],
    "dvAntageous": "1",
    "comProvision": [
        "제5조 (서비스의 제공)\n① 회사는 회원에게 다음과 같은 서비스를 제공합니다.\n    1. 회원에 대한 결혼상담 및 인터넷 등을 통한 결혼관련 정보의 제공"
    ]
}