{
    "clauseField": "23",
    "ftcCnclsns": "2",
    "clauseArticle": [
        "제7조(인수거절)\n① 이사화물이 다음 각 호의 하나에 해당될 때에는 사업자는 그 인수를 거절할 수 있다.\n2. 위험품, 불결한 물품 등 다른 화물에 손해를 끼칠 염려가 있는 물건"
    ],
    "dvAntageous": "1",
    "comProvision": [
        "제7조(인수거절)\n  ① 이사화물이 다음 각 호의 하나에 해당될 때에는 사업자는 그 인수를 거절할 수 있습니다.  \n    2. 위험품, 불결한 물품 등 다른 화물에 손해를 끼칠 염려가 있는 물건"
    ]
}