{
    "clauseField": "31",
    "ftcCnclsns": "2",
    "clauseArticle": [
        "제5조(서비스의 중단)\n③ 사업종목의 전환, 사업의 포기, 업체 간의 통합 등의 이유로 서비스를 제공할 수 없게 되는 경우에는  몰 은 제8조에 정한 방법으로 이용자에게 통지하고 당초  몰 에서 제시한 조건에 따라 소비자에게 보상합니다. 다만,  몰 이 보상기준 등을 고지하지 아니한 경우에는 이용자들의 마일리지 또는 적립금 등을  몰 에서 통용되는 통화가치에 상응하는 현물 또는 현금으로 이용자에게 지급합니다."
    ],
    "dvAntageous": "1",
    "comProvision": [
        "제5조(서비스의 중단)\n③ 사업종목의 전환, 사업의 포기, 업체 간의 통합 등의 이유로 서비스를 제공할 수 없게 되는 경우에는 몰은 제8조에 정한 방법으로 이용자에게 통지하고 당초 몰에서 제시한 조건에 따라 소비자에게 보상합니다. 다만, 몰이 보상기준 등을 고지하지 아니한 경우에는 이용자들의 마일리지 또는 적립금 등을 몰에서 통용되는 통화가치에 상응하는 현물 또는 현금으로 이용자에게 지급합니다."
    ]
}