{
    "clauseField": "18",
    "ftcCnclsns": "2",
    "clauseArticle": [
        "제4조(보상하지 않는 손해)\n회사는 아래의 사유로 인한 손해는 보상하여 드리지 않습니다.\n5. 발전기, 여자기(정류기 포함), 변류기, 변압기, 전압조정기, 축전기, 개폐기, 차단기, 피뢰기, 배전반 및 그 밖의 전자적 기기 또는 장치의 전기적 사고로 생긴 손해. 그러나 그 결과로 생긴 화재손해는 보상하여 드립니다."
    ],
    "dvAntageous": "1",
    "comProvision": [
        "제4조(보상하지 않는 손해)\n회사는 아래의 사유로 인한 손해는 보상하여 드리지 않습니다.\n5. 발전기, 여자기(정류기 포함), 변류기, 변압기, 전압조정기, 축전기, 개폐기, 차단기, 피뢰기, 배전반 및 그 밖의 전기기기 또는 장치의 전기적 사고로 생긴 손해. 그러나 그 결과로 생긴 화재손해는 보상하여 드립니다."
    ]
}