{
    "clauseField": "9",
    "ftcCnclsns": "2",
    "clauseArticle": [
        "제5조(접근매체의 발급 및 등록)\n② 제1항의 규정에도 불구하고 은행은 접근매체의 갱신 또는 대체발급 등을 위하여 이용자의 동의를 얻은 경우로서 다음 각 호에 해당하는 경우에는 이용자의 신청이나 본인확인 없는 때에도 발급할 수 있습니다.",
        "2. 갱신 또는 대체발급 예정일전 1년 이내에 사용된 적이 있는 접근매체의 경우에는 그 예정일부터 3개월 이전에 이용자에게 발급 예정사실을 알린 후 30일 이내에 이용자로부터 이의제기가 없는 경우"
    ],
    "dvAntageous": "1",
    "comProvision": [
        "제5조(접근매체의 발급 및 등록)\n② 제1항의 규정에도 불구하고 은행은 접근매체의 갱신 또는 대체발급 등을 위하여 이용자의 동의를 얻은 경우로서 다음 각 호에 해당하는 경우에는 이용자의 신청이나 본인확인 없는 때에도 발급할 수 있습니다.\n2. 갱신 또는 대체발급 예정일전 6개월 이내에 사용된 적이 있는 접근매체의 경우에는 그 예정일부터 1개월 이전에 이용자에게 발급 예정사실을 알린 후 20일 이내에 이용자로부터 이의제기가 없는 경우"
    ]
}