{
    "clauseField": "24",
    "ftcCnclsns": "2",
    "clauseArticle": [
        "개인정보 수집이용 등에 대한 동의\n1. 회사는 개인정보 처리방침 및 이용약관을 마련하고 고지하고 있으며, 이용자는 다음과 같이 관련 법령이 정하는 동의 방법 중 하나를 선택하실 수 있습니다."
    ],
    "dvAntageous": "1",
    "comProvision": [
        "제2조(개인정보의 처리 및 보유기간) ① ＜개인정보처리자명＞은(는) 법령에 따른\n개인정보 보유•이용기간 또는 정보주체로부터 개인정보를 수집 시에 동의받은\n개인정보 보유•이용기간 내에서 개인정보를 처리•보유합니다."
    ]
}