{
    "clauseField": "23",
    "ftcCnclsns": "2",
    "clauseArticle": [
        "제7조(인수거절)\n① 이사화물이 다음 각 호의 하나에 해당될 때에는 사업자는 그 인수를 거절할 수 있다.\n4. 고객이 제10조 제1항의 규정에 의한 사업자의 포장 요청을 거절한 물건"
    ],
    "dvAntageous": "1",
    "comProvision": [
        "제7조(인수거절)\n\n  ① 이사화물이 다음 각 호의 하나에 해당될 때에는 사업자는 그 인수를 거절할 수 있다.  \n   4. 고객이 제10조 제1항의 규정에 의한 사업자의 포장 요청을 거절한 물건"
    ]
}