{
    "clauseField": "4",
    "ftcCnclsns": "2",
    "clauseArticle": [
        "제17조(신탁해지)\n③ 제1항 내지 제2항의 규정에 의한 해지에 있어서 수탁자는 신탁제비용, 신탁보수 ( 대리사무보수 포함 ) ,  과실 없이 받은 손해 및 이 신탁계약으로 인해 부담하게 된 채무액을 수익자에게 청구하거나 신탁부동산을 처분하여 우선 변제받을 수 있습니다. 단, 수익자의 동의를 얻어야 한다."
    ],
    "dvAntageous": "1",
    "comProvision": [
        "제17조(신탁해지)\n③ 제1항 내지 제2항의 규정에 의한 해지에 있어서 수탁자는 신탁제비용, 신탁보수（대리사무보수 포함）, 과실 없이 받은 손해 및 이 신탁계약으로 인하여 부담하게 된 채무액을 수익자에게 청구하거나 신탁부동산을 처분하여 우선 변제받을 수 있다."
    ]
}