{
    "clauseField": "24",
    "ftcCnclsns": "2",
    "clauseArticle": [
        "제5조(정보주체와 법정대리인의 권리의무 및 행사방법)\n⑤ 개인정보의 정정 및 삭제 요구는 다른 법령에서 그 개인정보가 수집 대상으로 명시되어 있는 경우에는 그 삭제를 요구할 수 없다.\n"
    ],
    "dvAntageous": "1",
    "comProvision": [
        "제5조（정보주체와 법정대리인의 권리의무 및 행사방법）\n⑤ 개인정보의 정정 및 삭제 요구는 다른 법령에서 그 개인정보가 수집 대상으로 명시되어 있는 경우에는 그 삭제를 요구할 수 없습니다."
    ]
}