{
    "clauseField": "32",
    "ftcCnclsns": "2",
    "clauseArticle": [
        "제4조 (계약금과 총 이용금액의 지급)\n③ 계약서에 기재된 총 이용금액은 산모와 신생아 각 1인이 함께 입실한 요금을 원칙으로 합니다. "
    ],
    "dvAntageous": "1",
    "comProvision": [
        "제4조 (계약금과 총 이용금액의 지급) \n③ 계약서에 기재된 총 이용금액은 산모와 신생아 각 1인이 함께 입실한 요금을 원칙으로 합니다. "
    ]
}