{
    "clauseField": "19",
    "ftcCnclsns": "2",
    "clauseArticle": [
        "제8조(수수료) 위탁판매 수수료와 관련하여 다음 방법중 하나를 선택할 수 있다.\n①위탁판매보수의 계산기간(이하 보수계산기간이라 한다)은 갑이 법에 의해 금감위에 증권투자회사로 등록후 일반공모에 의한 자금이 자산보관회사의 계좌로 납입된 날로부터 1개월 단위로 한다. 다만, 제3항의 보수지급사유가 발생하는 시점이 최근 보수계산기간 말일부터 2월이 경과하지 않은 경우에는 보수지급사유 발생일까지를 보수계산기간으로 본다."
    ],
    "dvAntageous": "1",
    "comProvision": [
        "제8조(수수료) 위탁판매 수수료와 관련하여 다음 방법중 하나를 선택할 수 있다.\n①위탁판매보수의 계산기간(이하 보수계산기간이라 한다)은 갑이 법에 의해 금감위에 증권투자회사로 등록후 일반공모에 의한 자금이 자산보관회사의 계좌로 납입된 날로부터 ( )개월 단위로 한다. 다만, 제3항의 보수지급사유가 발생하는 시점이 최근 보수계산기간 말일부터 3월이 경과하지 않은 경우에는 보수지급사유 발생일까지를 보수계산기간으로 본다. "
    ]
}