{
    "clauseField": "20",
    "ftcCnclsns": "2",
    "clauseArticle": [
        "제8조(중개의 한도)\n① 금융위가 해외파생상품거래의 질서유지 또는 공익보호를 위하여 회사의 해외파생상품거래의 중개의 한도를 정하는 경우에는 회사는 해당 한도를 초과하는 고객의 해외파생상품거래 주문의 중개를 거부할 수 있다."
    ],
    "dvAntageous": "1",
    "comProvision": [
        "제8조(중개의 한도) ① 금융위가 해외파생상품거래의 질서유지 또는 공익보호를 위하여 회사의 해외파생상품거래의 중개의 한도를 정하는 경우에는 회사는 해당 한도를 초과하는 고객의 해외파생상품거래 주문의 중개를 거부한다. "
    ]
}