{
    "clauseField": "22",
    "ftcCnclsns": "2",
    "clauseArticle": [
        "제12조 (계약의 취소)\n① 여객이 계약을 취소하고자 할 때에는 늦어도 버스사용일시의 42시간 이전에 사업자에게 통고하여야 하며, 이때에 사업자는 지체없이 받은 계약금을 반환하여야 한다."
    ],
    "dvAntageous": "1",
    "comProvision": [
        "제12조 (계약의 취소)\n① 여객이 계약을 취소하고자 할 때에는 늦어도 버스사용일시의 48시간 이전에 사업자에게 통고하여야 하며, 이때에 사업자는 지체없이 받은 계약금을 반환하여야 한다."
    ]
}