{
    "clauseField": "30",
    "ftcCnclsns": "2",
    "clauseArticle": [
        "제6조(보증조건의 변경)\n⑤ 채권자가 공사의 동의없이 당해대출의 채무인수를 승낙한 경우에는 공사는 신채무자에 대하여 보증책임을 부담하지 아니합니다."
    ],
    "dvAntageous": "1",
    "comProvision": [
        "제6조(보증조건의 변경)\n ⑤ 채권자가 공사의 동의없이 당해대출의 채무인수를 승낙한 경우에는 공사는 신채무자에 대하여 보증책임을 부담하지 아니합니다."
    ]
}